Workbook

Sheet Panel
A1: Panel DCF DINO
A2: Podsumowanie projektu
A3: Kluczowe wyniki
A4: Miara | B4: 2026E | C4: 2030E | D4: CAGR / Δ | F4: Miara | G4: Wartość | H4: Scenariusz
A5: Przychody ze sprzedaży (PLN tys.) | B5: ='Model 3 sprawozdań'!H6 -> 39947286 | C5: ='Model 3 sprawozdań'!L6 -> 68567755 | D5: =POWER(C5/B5,1/4)-1 -> 0.14461165 | F5: Implikowana cena akcji | G5: ='Wycena DCF'!B26 -> 12.830482 | H5: Scenariusz 1
A6: EBITDA (PLN tys.) | B6: ='Model 3 sprawozdań'!H15 -> 2607637.6 | C6: ='Model 3 sprawozdań'!L15 -> 4693836.2 | D6: =POWER(C6/B6,1/4)-1 -> 0.15829764 | F6: Implikowana cena akcji | G6: ='Wycena DCF'!B38 -> 42.773844 | H6: Scenariusz 2
A7: Marża EBIT | B7: ='Model 3 sprawozdań'!H19 -> 0.050276965 | C7: ='Model 3 sprawozdań'!L19 -> 0.049455445 | D7: =C7-B7 -> -0.00082152062 | F7: Bieżąca cena akcji | G7: ='Wycena DCF'!B27 -> 41
A8: WACC | B8: ='Dług i WACC'!H38 -> 0.08451885 | C8: ='Dług i WACC'!L38 -> 0.08451885 | D8: =C8-B8 -> 0 | F8: Premia / (dyskonto) | G8: ='Wycena DCF'!B28 -> -0.68706142 | H8: Scenariusz 1
A9: Dług netto / (gotówka netto) | B9: ='Model 3 sprawozdań'!H89 -> 428014.3 | C9: ='Model 3 sprawozdań'!L89 -> -1372666.4 | D9: =C9-B9 -> -1800680.7 | F9: Premia / (dyskonto) | G9: ='Wycena DCF'!B39 -> 0.04326448 | H9: Scenariusz 2
A11: Założenia prognozy
A12: Miara | B12: 2026E | C12: 2027E | D12: 2028E | E12: 2029E | F12: 2030E
A13: Wzrost przychodów LFL | B13: =Założenia!B26 -> 0.07 | C13: =Założenia!C26 -> 0.058 | D13: =Założenia!D26 -> 0.056 | E13: =Założenia!E26 -> 0.054 | F13: =Założenia!F26 -> 0.052
A14: Inflacja ogólna | B14: =Założenia!B27 -> 0.04 | C14: =Założenia!C27 -> 0.035 | D14: =Założenia!D27 -> 0.03 | E14: =Założenia!E27 -> 0.0275 | F14: =Założenia!F27 -> 0.025
A15: Marża brutto | B15: =Założenia!B28 -> 0.237 | C15: =Założenia!C28 -> 0.238 | D15: =Założenia!D28 -> 0.239 | E15: =Założenia!E28 -> 0.24 | F15: =Założenia!F28 -> 0.24
A16: Nakłady inwestycyjne % sprzedaży | B16: =Założenia!B32 -> 0.061 | C16: =Założenia!C32 -> 0.059 | D16: =Założenia!D32 -> 0.057 | E16: =Założenia!E32 -> 0.055 | F16: =Założenia!F32 -> 0.053
A17: Docelowy udział kapitału własnego | B17: =Założenia!B16 -> 0.95 | C17: =Założenia!B16 -> 0.95 | D17: =Założenia!B16 -> 0.95 | E17: =Założenia!B16 -> 0.95 | F17: =Założenia!B16 -> 0.95
A18: Docelowy udział długu | B18: =Założenia!B17 -> 0.05 | C18: =Założenia!B17 -> 0.05 | D18: =Założenia!B17 -> 0.05 | E18: =Założenia!B17 -> 0.05 | F18: =Założenia!B17 -> 0.05
A19: Skrót historyczny / prognozy
A20: Rok | B20: Przychody ze sprzedaży | C20: EBITDA | D20: Marża EBIT | E20: UFCF | F20: WACC
A21: 2020 | B21: ='Model 3 sprawozdań'!B6 -> 10125815 | C21: ='Model 3 sprawozdań'!B15 -> 837859 | D21: ='Model 3 sprawozdań'!B19 -> 0.063176446 | F21: ='Dług i WACC'!B38 -> 0.032191038
A22: 2021 | B22: ='Model 3 sprawozdań'!C6 -> 13362012 | C22: ='Model 3 sprawozdań'!C15 -> 1023993 | D22: ='Model 3 sprawozdań'!C19 -> 0.058123732 | F22: ='Dług i WACC'!C38 -> 0.036203272
A23: 2022 | B23: ='Model 3 sprawozdań'!D6 -> 19801622 | C23: ='Model 3 sprawozdań'!D15 -> 1537819 | D23: ='Model 3 sprawozdań'!D19 -> 0.062504476 | F23: ='Dług i WACC'!D38 -> 0.079988477
A24: 2023 | B24: ='Model 3 sprawozdań'!E6 -> 25666255 | C24: ='Model 3 sprawozdań'!E15 -> 1875855 | D24: ='Model 3 sprawozdań'!E19 -> 0.059183819 | F24: ='Dług i WACC'!E38 -> 0.082561059
A25: 2024 | B25: ='Model 3 sprawozdań'!F6 -> 29273792 | C25: ='Model 3 sprawozdań'!F15 -> 1908330 | D25: ='Model 3 sprawozdań'!F19 -> 0.05121137 | F25: ='Dług i WACC'!F38 -> 0.080504583
A26: 2025 | B26: ='Model 3 sprawozdań'!G6 -> 33634155 | C26: ='Model 3 sprawozdań'!G15 -> 2041282 | D26: ='Model 3 sprawozdań'!G19 -> 0.045675326 | F26: ='Dług i WACC'!G38 -> 0.080380149
A27: 2026 | B27: ='Model 3 sprawozdań'!H6 -> 39947286 | C27: ='Model 3 sprawozdań'!H15 -> 2607637.6 | D27: ='Model 3 sprawozdań'!H19 -> 0.050276965 | E27: ='Wycena DCF'!B14 -> 136609.49 | F27: ='Dług i WACC'!H38 -> 0.08451885
A28: 2027 | B28: ='Model 3 sprawozdań'!I6 -> 46490651 | C28: ='Model 3 sprawozdań'!I15 -> 3083914.2 | D28: ='Model 3 sprawozdań'!I19 -> 0.050334072 | E28: ='Wycena DCF'!C14 -> 256777.01 | F28: ='Dług i WACC'!I38 -> 0.08451885
A29: 2028 | B29: ='Model 3 sprawozdań'!J6 -> 53512599 | C29: ='Model 3 sprawozdań'!J15 -> 3605803.5 | D29: ='Model 3 sprawozdań'!J19 -> 0.050382328 | E29: ='Wycena DCF'!D14 -> 432514.65 | F29: ='Dług i WACC'!J38 -> 0.08451885
A30: 2029 | B30: ='Model 3 sprawozdań'!K6 -> 60914462 | C30: ='Model 3 sprawozdań'!K15 -> 4167907.9 | D30: ='Model 3 sprawozdań'!K19 -> 0.050422305 | E30: ='Wycena DCF'!E14 -> 647858.54 | F30: ='Dług i WACC'!K38 -> 0.08451885
A31: 2030 | B31: ='Model 3 sprawozdań'!L6 -> 68567755 | C31: ='Model 3 sprawozdań'!L15 -> 4693836.2 | D31: ='Model 3 sprawozdań'!L19 -> 0.049455445 | E31: ='Wycena DCF'!F14 -> 846822.43 | F31: ='Dług i WACC'!L38 -> 0.08451885

Sheet Założenia
A1: Założenia
A2: Statyczne założenia wyceny / modelu
A3: Miara | B3: Wartość | H3: Uwagi
A4: Mnożnik EV/EBITDA | B4: 15
A5: Stopa wolna od ryzyka | B5: 0.0588 | H5: Polski 10-letni instrument odniesienia 2026; założenie WACC na przyszłość, stopa z 23 maja 2026 r.
A6: Beta | B6: 0.51 | H6: Założenie beta kapitału własnego
A7: Premia za ryzyko kapitału własnego | B7: 0.0533 | H7: Założenie rynkowej premii za ryzyko
A8: Stopa wzrostu rezydualnego | B8: 0.03
A9: Bieżąca cena akcji (PLN) | B9: ='Dane źródłowe'!G100 -> 41 | H9: Cena z 02.01.2026
A10: Liczba akcji (tys.) | B10: ='Dane źródłowe'!G97 -> 980400 | H10: Powiązane z liczbą akcji w 2025 r.; 2020-2024 stanowiły 1/10 2025 r.
A11: Liczba dni w roku | B11: 365 | H11: Używane do dni kapitału obrotowego
A12: Dzielnik jednostek | B12: 1000 | H12: Używane do konwersji jednostek
A13: Minimalny poziom gotówki % sprzedaży | B13: 0.02
A14: Stopa przychodów odsetkowych od średniej gotówki | B14: 0.02
A15: Ustawowa stawka podatkowa | B15: 0.19
A16: Docelowy udział kapitału własnego | B16: 0.95
A17: Docelowy udział długu | B17: =1-B16 -> 0.05
A18: Historyczne założenia rynkowe
A19: Miara | B19: 2020A | C19: 2021A | D19: 2022A | E19: 2023A | F19: 2024A | G19: 2025A | H19: Źródło / uwagi
A20: Cena rynkowa DINO / akcję (PLN) | B20: ='Dane źródłowe'!B100 -> 200 | C20: ='Dane źródłowe'!C100 -> 300 | D20: ='Dane źródłowe'!D100 -> 330 | E20: ='Dane źródłowe'!E100 -> 420 | F20: ='Dane źródłowe'!F100 -> 400 | G20: ='Dane źródłowe'!G100 -> 41
A21: Stopa wolna od ryzyka | B21: ='Dane źródłowe'!B101 -> 0.015 | C21: ='Dane źródłowe'!C101 -> 0.0194 | D21: ='Dane źródłowe'!D101 -> 0.0605 | E21: ='Dane źródłowe'!E101 -> 0.0581 | F21: ='Dane źródłowe'!F101 -> 0.0553 | G21: ='Dane źródłowe'!G101 -> 0.055
A22: Liczba akcji (tys.) | B22: ='Dane źródłowe'!B97 -> 98040 | C22: ='Dane źródłowe'!C97 -> 98040 | D22: ='Dane źródłowe'!D97 -> 98040 | E22: ='Dane źródłowe'!E97 -> 98040 | F22: ='Dane źródłowe'!F97 -> 98040 | G22: ='Dane źródłowe'!G97 -> 980400 | H22: 2020-2024 = 1/10 2025 r.
A23: Kapitalizacja rynkowa (PLN tys.) | B23: =B20*B22 -> 19608000 | C23: =C20*C22 -> 29412000 | D23: =D20*D22 -> 32353200 | E23: =E20*E22 -> 41176800 | F23: =F20*F22 -> 39216000 | G23: =G20*G22 -> 40196400
A24: Założenia prognozy operacyjnej
A25: Miara | B25: 2026E | C25: 2027E | D25: 2028E | E25: 2029E | F25: 2030E | H25: Źródło / uwagi
A26: Wzrost przychodów LFL | B26: 0.07 | C26: 0.058 | D26: 0.056 | E26: 0.054 | F26: 0.052 | H26: Główny czynnik wzrostu przychodów
A27: Inflacja ogólna | B27: 0.04 | C27: 0.035 | D27: 0.03 | E27: 0.0275 | F27: 0.025
A28: Marża brutto | B28: 0.237 | C28: 0.238 | D28: 0.239 | E28: 0.24 | F28: 0.24
A29: Wzrost liczby sklepów | B29: 0.11 | C29: 0.1 | D29: 0.09 | E29: 0.08 | F29: 0.07 | H29: Łącznie daje 5000 sklepów w 2030 r.
A30: Pozostałe przychody operacyjne % sprzedaży | B30: 0.0008 | C30: 0.0008 | D30: 0.0008 | E30: 0.0008 | F30: 0.0008 | H30: Wskaźnik pomocniczy
A31: Amortyzacja % sprzedaży | B31: 0.015 | C31: 0.016 | D31: 0.017 | E31: 0.018 | F31: 0.019 | H31: Założenie prognozy amortyzacji
A32: Nakłady inwestycyjne % sprzedaży | B32: 0.061 | C32: 0.059 | D32: 0.057 | E32: 0.055 | F32: 0.053
A33: Dni zapasów | B33: 50 | C33: 50 | D33: 49.5 | E33: 49 | F33: 48.5
A34: Dni należności | B34: 4 | C34: 4 | D34: 4 | E34: 4 | F34: 4
A35: Dni zobowiązań | B35: 74 | C35: 74 | D35: 73.5 | E35: 73 | F35: 72.5
A36: Założenia alokacji aktywów trwałych
A37: Miara | B37: 2026E | C37: 2027E | D37: 2028E | E37: 2029E | F37: 2030E
A38: Alokacja nakładów inwestycyjnych na PPE / ROU | B38: 0.95 | C38: 0.95 | D38: 0.95 | E38: 0.95 | F38: 0.95
A39: Alokacja nakładów inwestycyjnych na wartości niematerialne | B39: 0.05 | C39: 0.05 | D39: 0.05 | E39: 0.05 | F39: 0.05
A40: Alokacja amortyzacji PPE / ROU | B40: 0.95 | C40: 0.95 | D40: 0.95 | E40: 0.95 | F40: 0.95
A41: Alokacja amortyzacji wartości niematerialnych | B41: 0.05 | C41: 0.05 | D41: 0.05 | E41: 0.05 | F41: 0.05
A42: Założenia długu / finansowania
A43: Miara | B43: 2026E | C43: 2027E | D43: 2028E | E43: 2029E | F43: 2030E
A44: Zmiana netto kredytów bankowych | B44: -10000 | C44: -10000 | D44: -10000 | E44: -10000 | F44: -10000
A45: Kredyty bankowe krótkoterminowe % całości | B45: 0.33 | C45: 0.33 | D45: 0.33 | E45: 0.33 | F45: 0.33
A46: Zmiana netto zobowiązań leasingowych | B46: =('Dane źródłowe'!G44-'Dane źródłowe'!F44)*(1+'Czynniki operacyjne'!H7) -> 30006.63 | C46: =B46*(1+'Czynniki operacyjne'!I7) -> 33007.293 | D46: =C46*(1+'Czynniki operacyjne'!J7) -> 35977.949 | E46: =D46*(1+'Czynniki operacyjne'!K7) -> 38856.185 | F46: =E46*(1+'Czynniki operacyjne'!L7) -> 41576.118
A47: Zobowiązania leasingowe krótkoterminowe % całości | B47: 0.21 | C47: 0.21 | D47: 0.21 | E47: 0.21 | F47: 0.21
A48: Zmiana netto obligacji | B48: -170000 | C48: 0 | D48: 0 | E48: 0 | F48: 0 | H48: Dino spłaca całe zadłużenie z tytułu obligacji w 2026 r.
A49: Obligacje krótkoterminowe % całości | B49: 0.25 | C49: 0.25 | D49: 0.25 | E49: 0.25 | F49: 0.25
A50: Koszt długu oprocentowanego przed opodatkowaniem | B50: 0.07 | C50: 0.07 | D50: 0.07 | E50: 0.07 | F50: 0.07
A51: Stopa odsetek od zobowiązań handlowych | B51: 0.011 | C51: 0.011 | D51: 0.011 | E51: 0.011 | F51: 0.011
A52: Stopa odsetek od pozostałych zobowiązań | B52: 0.0005 | C52: 0.0005 | D52: 0.0005 | E52: 0.0005 | F52: 0.0005
A53: Pozostałe koszty / (przychody) finansowe | B53: 0 | C53: 0 | D53: 0 | E53: 0 | F53: 0
A54: Pozostałe finansowanie / pozycja bilansująca | B54: 0 | C54: 0 | D54: 0 | E54: 0 | F54: 0
A55: Dywidendy / wypłaty | B55: 0 | C55: 0 | D55: 0 | E55: 0 | F55: 0
A56: Pozostała działalność inwestycyjna | B56: 0 | C56: 0 | D56: 0 | E56: 0 | F56: 0

Sheet Dane źródłowe
A1: Dane źródłowe
A3: Historyczny rachunek zysków i strat
A4: Pozycja | B4: 2020 | C4: 2021 | D4: 2022 | E4: 2023 | F4: 2024 | G4: 2025
A5: Przychody ze sprzedaży | B5: 10125815 | C5: 13362012 | D5: 19801622 | E5: 25666255 | F5: 29273792 | G5: 33634155
A6: Koszt własny sprzedaży | B6: -7521986 | C6: -10038342 | D6: -15038630 | E6: -19741459 | F6: -22463233 | G6: -25723078
A7: Zysk brutto ze sprzedaży | B7: 2603829 | C7: 3323670 | D7: 4762992 | E7: 5924796 | F7: 6810559 | G7: 7911077
A8: Pozostałe przychody operacyjne | B8: 7598 | C8: 14364 | D8: 16282 | E8: 13477 | F8: 24185 | G8: 29231
A9: Koszty sprzedaży i marketingu | B9: -1668084 | C9: -2181963 | D9: -3080061 | E9: -3878421 | F9: -4678717 | G9: -5576262
A10: Koszty ogólnego zarządu | B10: -99783 | C10: -117285 | D10: -143217 | E10: -173736 | F10: -233653 | G10: -302944
A11: Pozostałe koszty operacyjne | B11: -5701 | C11: -14793 | D11: -18177 | E11: -10261 | F11: -14044 | G11: -19820
A12: Zysk operacyjny | B12: 837859 | C12: 1023993 | D12: 1537819 | E12: 1875855 | F12: 1908330 | G12: 2041282
A13: Przychody finansowe | B13: 3237 | C13: 1119 | D13: 5092 | E13: 10442 | F13: 6657 | G13: 8316
A14: Koszty finansowe | B14: -52096 | C14: -46703 | D14: -141293 | E14: -147316 | F14: -121424 | G14: -122945
A15: Zysk przed opodatkowaniem | B15: 789000 | C15: 978409 | D15: 1401618 | E15: 1738981 | F15: 1793563 | G15: 1926653
... A19: Zysk przypadający udziałowcom niekontrolującym | B19: 0 | C19: 0 | D19: 0 | E19: 0 | F19: 749 | G19: 437
A20: Historyczny bilans
A21: Pozycja | B21: 2020 | C21: 2021 | D21: 2022 | E21: 2023 | F21: 2024 | G21: 2025
A22: Rzeczowe aktywa trwałe | B22: 3749480 | C22: 4911353 | D22: 6070032 | E22: 6874672 | F22: 8230915 | G22: 9774681
A23: Aktywa z tytułu prawa do użytkowania | B23: 184538 | C23: 139931 | D23: 105116 | E23: 93499 | F23: 141350 | G23: 217006
A24: Wartości niematerialne | B24: 99050 | C24: 96947 | D24: 94737 | E24: 115056 | F24: 169964 | G24: 176185
A25: Pozostałe aktywa niefinansowe (długoterminowe) | B25: 6 | C25: 0 | D25: 0 | E25: 0 | F25: 0 | G25: 0
A26: Aktywa z tytułu odroczonego podatku | B26: 20738 | C26: 35116 | D26: 26468 | E26: 41323 | F26: 74149 | G26: 31376
A27: Aktywa trwałe razem | B27: 4053812 | C27: 5183347 | D27: 6296353 | E27: 7124550 | F27: 8616378 | G27: 10199248
A28: Zapasy | B28: 875147 | C28: 1373463 | D28: 1978778 | E28: 2638859 | F28: 3081444 | G28: 3548100
A29: Należności handlowe i pozostałe | B29: 86822 | C29: 144012 | D29: 274872 | E29: 330389 | F29: 376480 | G29: 372038
A30: Należności z tytułu podatku dochodowego | B30: 2 | C30: 55 | D30: 0 | E30: 103 | F30: 220 | G30: 18596
A31: Pozostałe aktywa niefinansowe (bieżące) | B31: 73367 | C31: 47712 | D31: 69096 | E31: 64049 | F31: 88186 | G31: 76477
A32: Pozostałe aktywa finansowe | B32: 942 | C32: 1327 | D32: 1242 | E32: 1376 | F32: 2064 | G32: 2007
... A61: KAPITAŁ WŁASNY I ZOBOWIĄZANIA RAZEM | B61: 5570510 | C61: 7168531 | D61: 9003059 | E61: 10377715 | F61: 13055794 | G61: 15171280
A62: Historyczny rachunek przepływów pieniężnych
A63: Pozycja | B63: 2020 | C63: 2021 | D63: 2022 | E63: 2023 | F63: 2024 | G63: 2025
A64: Amortyzacja | B64: 198146 | C64: 247343 | D64: 300129 | E64: 356828 | F64: 409179 | G64: 505031 | H64: =SUM(B64+B65-B66+B67-B68-B69+B70-B71) -> 1654226
A65: Zysk przed opodatkowaniem | B65: =B15 -> 789000 | C65: =C15 -> 978409 | D65: =D15 -> 1401618 | E65: =E15 -> 1738981 | F65: =F15 -> 1793563 | G65: =G15 -> 1926653
A66: Zapłacony podatek dochodowy | B66: -138680 | C66: -173004 | D66: -234653 | E66: -291839 | F66: -417176 | G66: -362312
A67: Koszty odsetkowe | B67: 52012 | C67: 46645 | D67: 141293 | E67: 147316 | F67: 121353 | G67: 122837
A68: Zmiana należności | B68: -43201 | C68: -24880 | D68: -152796 | E68: -54245 | F68: -55966 | G68: 14973
A69: Zmiana zapasów | B69: -251152 | C69: -498316 | D69: -605315 | E69: -660081 | F69: -424123 | G69: -466656
A70: Zmiana zobowiązań z wyłączeniem kredytów i pożyczek | B70: 197916 | C70: 728449 | D70: 366502 | E70: 537055 | F70: 1126352 | G70: 948166
A71: Pozostałe | B71: =B72-SUM(B64:B70) -> 15881 | C71: =C72-SUM(C64:C70) -> 21685 | D71: =D72-SUM(D64:D70) -> 36644 | E71: =E72-SUM(E64:E70) -> -2475 | F71: =F72-SUM(F64:F70) -> 4271 | G71: =G72-SUM(G64:G70) -> 8753
A72: Środki pieniężne netto z działalności operacyjnej | B72: 819922 | C72: 1326331 | D72: 1253422 | E72: 1771540 | F72: 2557453 | G72: 2697445
A73: Sprzedaż rzeczowych aktywów trwałych i wartości niematerialnych | B73: 1403 | C73: 4263 | D73: 6287 | E73: 5735 | F73: 2430 | G73: 3980
A74: Nabycie rzeczowych aktywów trwałych i wartości niematerialnych | B74: -1002025 | C74: -1335604 | D74: -1445905 | E74: -1172863 | F74: -1561914 | G74: -2087043
A75: Wydatki na nabycie jednostek zależnych pomniejszone o środki pieniężne przejętych jednostek | B75: 0 | C75: 0 | D75: 0 | E75: 0 | F75: -42837 | G75: 0
A76: Otrzymane odsetki | B76: 1131 | C76: 998 | D76: 4969 | E76: 9006 | F76: 5972 | G76: 8081
A77: Spłata udzielonych pożyczek | B77: 825 | C77: 1415 | D77: 1710 | E77: 1831 | F77: 1859 | G77: 2466
A78: Udzielenie pożyczek | B78: -1470 | C78: -1800 | D78: -1624 | E78: -1965 | F78: -2419 | G78: -2538
A79: Środki pieniężne netto z działalności inwestycyjnej | B79: -1000136 | C79: -1330728 | D79: -1434563 | E79: -1158256 | F79: -1596909 | G79: -2075054
A80: Płatności z tytułu zobowiązań leasingowych | B80: -58335 | C80: -47224 | D80: -47531 | E80: -25837 | F80: -43861 | G80: -72333
A81: Wpływy z kredytów bankowych | B81: 401369 | C81: 57636 | D81: 648366 | E81: 61378 | F81: 199961 | G81: 225124
A82: Spłata kredytów bankowych | B82: -175110 | C82: -221173 | D82: -326529 | E82: -414180 | F82: -322719 | G82: -385590
A83: Emisja dłużnych papierów wartościowych | B83: 250000 | C83: 200000 | D83: 170000 | E83: 0 | F83: 0 | G83: 0
... A89: Środki pieniężne na koniec okresu | B89: 480418 | C89: 418615 | D89: 382718 | E89: 218389 | F89: 891022 | G89: 954814
A90: Historyczne wskaźniki operacyjne
A91: Pozycja | B91: 2020 | C91: 2021 | D91: 2022 | E91: 2023 | F91: 2024 | G91: 2025
A92: Liczba sklepów (#) | B92: 1473 | C92: 1815 | D92: 2156 | E92: 2406 | F92: 2688 | G92: 3033
A93: Powierzchnia sprzedaży (tys. m²) | B93: 573 | C93: 710 | D93: 848 | E93: 948 | F93: 1061 | G93: 1200
A94: Średnia powierzchnia sprzedaży / sklep (m²) | B94: =B93*1000/B92 -> 389.00204 | C94: =C93*1000/C92 -> 391.18457 | D94: =D93*1000/D92 -> 393.32096 | E94: =E93*1000/E92 -> 394.01496 | F94: =F93*1000/F92 -> 394.71726 | G94: =G93*1000/G92 -> 395.64787
A95: Inflacja / deflacja (%) | B95: 0.034 | C95: 0.051 | D95: 0.144 | E95: 0.114 | F95: 0.036 | G95: 0.036
A96: Dino LFL (%) | B96: 0.126 | C96: 0.124 | D96: 0.285 | E96: 0.172 | F96: 0.053 | G96: 0.044
A97: Liczba akcji (tys.) | B97: 98040 | C97: 98040 | D97: 98040 | E97: 98040 | F97: 98040 | G97: 980400
A98: Historyczne dane rynkowe
A99: Pozycja | B99: 2020 | C99: 2021 | D99: 2022 | E99: 2023 | F99: 2024 | G99: 2025
A100: Cena rynkowa DINO / akcję (PLN) | B100: 200 | C100: 300 | D100: 330 | E100: 420 | F100: 400 | G100: 41
A101: Stopa wolna od ryzyka | B101: 0.015 | C101: 0.0194 | D101: 0.0605 | E101: 0.0581 | F101: 0.0553 | G101: 0.055

Sheet Czynniki operacyjne
A1: Czynniki operacyjne / budowa przychodów
A2: Mostek operacyjny oparty na formułach. Prognozowane przychody są napędzane wzrostem LFL; metryki sklepów są operacyjnymi KPI.
A3: Miara | B3: 2020 | C3: 2021 | D3: 2022 | E3: 2023 | F3: 2024 | G3: 2025 | H3: 2026 | I3: 2027 | J3: 2028 | K3: 2029 | L3: 2030
A4: Okres | B4: 2020A | C4: 2021A | D4: 2022A | E4: 2023A | F4: 2024A | G4: 2025A | H4: 2026E | I4: 2027E | J4: 2028E | K4: 2029E | L4: 2030E
A5: Mostek liczby sklepów i budowa przychodów
A6: Liczba sklepów (#) | B6: ='Dane źródłowe'!B92 -> 1473 | C6: ='Dane źródłowe'!C92 -> 1815 | D6: ='Dane źródłowe'!D92 -> 2156 | E6: ='Dane źródłowe'!E92 -> 2406 | F6: ='Dane źródłowe'!F92 -> 2688 | G6: ='Dane źródłowe'!G92 -> 3033 | H6: =G6*(1+Założenia!B29) -> 3366.63 | I6: =H6*(1+Założenia!C29) -> 3703.293 | J6: =I6*(1+Założenia!D29) -> 4036.5894 | K6: =J6*(1+Założenia!E29) -> 4359.5165 | L6: =K6*(1+Założenia!F29) -> 4664.6827
A7: Wzrost liczby sklepów | C7: =C6/B6-1 -> 0.23217923 | D7: =D6/C6-1 -> 0.18787879 | E7: =E6/D6-1 -> 0.11595547 | F7: =F6/E6-1 -> 0.11720698 | G7: =G6/F6-1 -> 0.12834821 | H7: =Założenia!B29 -> 0.11 | I7: =Założenia!C29 -> 0.1 | J7: =Założenia!D29 -> 0.09 | K7: =Założenia!E29 -> 0.08 | L7: =Założenia!F29 -> 0.07
A8: Powierzchnia sprzedaży (tys. m²) | B8: ='Dane źródłowe'!B93 -> 573 | C8: ='Dane źródłowe'!C93 -> 710 | D8: ='Dane źródłowe'!D93 -> 848 | E8: ='Dane źródłowe'!E93 -> 948 | F8: ='Dane źródłowe'!F93 -> 1061 | G8: ='Dane źródłowe'!G93 -> 1200 | H8: =H6*H10/1000 -> 1335.3666 | I8: =I6*I10/1000 -> 1472.6066 | J8: =J6*J10/1000 -> 1609.1778 | K8: =K6*K10/1000 -> 1742.2715 | L8: =L6*L10/1000 -> 1868.8952
A9: Wzrost powierzchni sprzedaży | C9: =C8/B8-1 -> 0.2390925 | D9: =D8/C8-1 -> 0.1943662 | E9: =E8/D8-1 -> 0.11792453 | F9: =F8/E8-1 -> 0.11919831 | G9: =G8/F8-1 -> 0.13100848 | H9: =H8/G8-1 -> 0.11280553 | I9: =I8/H8-1 -> 0.10277324 | J9: =J8/I8-1 -> 0.092741119 | ... L9: =L8/K8-1 -> 0.072677357
A10: Średnia powierzchnia sprzedaży / sklep (m²) | B10: ='Dane źródłowe'!B94 -> 389.00204 | C10: ='Dane źródłowe'!C94 -> 391.18457 | D10: ='Dane źródłowe'!D94 -> 393.32096 | E10: ='Dane źródłowe'!E94 -> 394.01496 | F10: ='Dane źródłowe'!F94 -> 394.71726 | G10: ='Dane źródłowe'!G94 -> 395.64787 | H10: =G10+1 -> 396.64787 | I10: =H10+1 -> 397.64787 | J10: =I10+1 -> 398.64787 | K10: =J10+1 -> 399.64787 | L10: =K10+1 -> 400.64787
A11: Przychody / sklep (PLN tys.) | B11: =B13/B6 -> 6874.2804 | C11: =C13/C6 -> 7361.9901 | D11: =D13/D6 -> 9184.4258 | E11: =E13/E6 -> 10667.604 | F11: =F13/F6 -> 10890.548 | G11: =G13/G6 -> 11089.402 | H11: =G11*(1+Założenia!B26) -> 11865.66 | I11: =H11*(1+Założenia!C26) -> 12553.868 | J11: =I11*(1+Założenia!D26) -> 13256.885 | K11: =J11*(1+Założenia!E26) -> 13972.756 | L11: =K11*(1+Założenia!F26) -> 14699.34
A12: Wzrost przychodów / sklep | C12: =C11/B11-1 -> 0.070947019 | D12: =D11/C11-1 -> 0.24754661 | E12: =E11/D11-1 -> 0.16148839 | F12: =F11/E11-1 -> 0.020899137 | G12: =G11/F11-1 -> 0.018259317 | H12: =H11/G11-1 -> 0.07 | I12: =I11/H11-1 -> 0.058 | J12: =J11/I11-1 -> 0.056 | ... L12: =L11/K11-1 -> 0.052
A13: Przychody ze sprzedaży (PLN tys.) | B13: ='Dane źródłowe'!B5 -> 10125815 | C13: ='Dane źródłowe'!C5 -> 13362012 | D13: ='Dane źródłowe'!D5 -> 19801622 | E13: ='Dane źródłowe'!E5 -> 25666255 | F13: ='Dane źródłowe'!F5 -> 29273792 | G13: ='Dane źródłowe'!G5 -> 33634155 | H13: =H6*H11 -> 39947286 | I13: =I6*I11 -> 46490651 | J13: =J6*J11 -> 53512599 | K13: =K6*K11 -> 60914462 | L13: =L6*L11 -> 68567755
A14: Wzrost przychodów | C14: =C13/B13-1 -> 0.31959867 | D14: =D13/C13-1 -> 0.48193416 | E14: =E13/D13-1 -> 0.29616932 | F14: =F13/E13-1 -> 0.14055564 | G14: =G13/F13-1 -> 0.14895108 | H14: =H13/G13-1 -> 0.1877 | I14: =I13/H13-1 -> 0.1638 | J14: =J13/I13-1 -> 0.15104 | ... L14: =L13/K13-1 -> 0.12564
A15: Marża brutto | B15: ='Dane źródłowe'!B7/B13 -> 0.2571476 | C15: ='Dane źródłowe'!C7/C13 -> 0.24874023 | D15: ='Dane źródłowe'!D7/D13 -> 0.24053545 | E15: ='Dane źródłowe'!E7/E13 -> 0.23083991 | F15: ='Dane źródłowe'!F7/F13 -> 0.23265039 | G15: ='Dane źródłowe'!G7/G13 -> 0.23520963 | H15: =Założenia!B28 -> 0.237 | I15: =Założenia!C28 -> 0.238 | J15: =Założenia!D28 -> 0.239 | K15: =Założenia!E28 -> 0.24 | L15: =Założenia!F28 -> 0.24
A16: Marża EBITDA | B16: ='Model 3 sprawozdań'!B15/'Model 3 sprawozdań'!B6 -> 0.082744846 | C16: ='Model 3 sprawozdań'!C15/'Model 3 sprawozdań'!C6 -> 0.076634642 | D16: ='Model 3 sprawozdań'!D15/'Model 3 sprawozdań'!D6 -> 0.077661264 | E16: ='Model 3 sprawozdań'!E15/'Model 3 sprawozdań'!E6 -> 0.073086432 | F16: ='Model 3 sprawozdań'!F15/'Model 3 sprawozdań'!F6 -> 0.065189026 | G16: ='Model 3 sprawozdań'!G15/'Model 3 sprawozdań'!G6 -> 0.060690747 | H16: ='Model 3 sprawozdań'!H15/'Model 3 sprawozdań'!H6 -> 0.065276965 | I16: ='Model 3 sprawozdań'!I15/'Model 3 sprawozdań'!I6 -> 0.066334072 | ... L16: ='Model 3 sprawozdań'!L15/'Model 3 sprawozdań'!L6 -> 0.068455445
A17: Marża EBIT | B17: ='Model 3 sprawozdań'!B18/'Model 3 sprawozdań'!B6 -> 0.063176446 | C17: ='Model 3 sprawozdań'!C18/'Model 3 sprawozdań'!C6 -> 0.058123732 | D17: ='Model 3 sprawozdań'!D18/'Model 3 sprawozdań'!D6 -> 0.062504476 | E17: ='Model 3 sprawozdań'!E18/'Model 3 sprawozdań'!E6 -> 0.059183819 | F17: ='Model 3 sprawozdań'!F18/'Model 3 sprawozdań'!F6 -> 0.05121137 | G17: ='Model 3 sprawozdań'!G18/'Model 3 sprawozdań'!G6 -> 0.045675326 | H17: ='Model 3 sprawozdań'!H18/'Model 3 sprawozdań'!H6 -> 0.050276965 | I17: ='Model 3 sprawozdań'!I18/'Model 3 sprawozdań'!I6 -> 0.050334072 | ... L17: ='Model 3 sprawozdań'!L18/'Model 3 sprawozdań'!L6 -> 0.049455445
A18: Nakłady inwestycyjne % sprzedaży | B18: =-'Model 3 sprawozdań'!B35/'Model 3 sprawozdań'!B6 -> 0.098957467 | C18: =-'Model 3 sprawozdań'!C35/'Model 3 sprawozdań'!C6 -> 0.099955306 | D18: =-'Model 3 sprawozdań'!D35/'Model 3 sprawozdań'!D6 -> 0.073019523 | E18: =-'Model 3 sprawozdań'!E35/'Model 3 sprawozdań'!E6 -> 0.045696694 | F18: =-'Model 3 sprawozdań'!F35/'Model 3 sprawozdań'!F6 -> 0.05335537 | G18: =-'Model 3 sprawozdań'!G35/'Model 3 sprawozdań'!G6 -> 0.062051299 | H18: =-'Model 3 sprawozdań'!H35/'Model 3 sprawozdań'!H6 -> 0.061 | I18: =-'Model 3 sprawozdań'!I35/'Model 3 sprawozdań'!I6 -> 0.059 | ... L18: =-'Model 3 sprawozdań'!L35/'Model 3 sprawozdań'!L6 -> 0.053
A19: Operacyjny kapitał obrotowy netto % sprzedaży | B19: ='Model 3 sprawozdań'!B90/'Model 3 sprawozdań'!B6 -> -0.077554844 | C19: ='Model 3 sprawozdań'!C90/'Model 3 sprawozdań'!C6 -> -0.078189048 | D19: ='Model 3 sprawozdań'!D90/'Model 3 sprawozdań'!D6 -> -0.034259012 | E19: ='Model 3 sprawozdań'!E90/'Model 3 sprawozdań'!E6 -> -0.021349277 | F19: ='Model 3 sprawozdań'!F90/'Model 3 sprawozdań'!F6 -> -0.042793909 | G19: ='Model 3 sprawozdań'!G90/'Model 3 sprawozdań'!G6 -> -0.050406023 | H19: ='Model 3 sprawozdań'!H90/'Model 3 sprawozdań'!H6 -> -0.051135432 | I19: ='Model 3 sprawozdań'!I90/'Model 3 sprawozdań'!I6 -> -0.051690931 | ... L19: ='Model 3 sprawozdań'!L90/'Model 3 sprawozdań'!L6 -> -0.053050139

Sheet Model 3 sprawozdań
A1: Zintegrowany model trzech sprawozdań
A2: Wszystkie komórki niebędące danymi wejściowymi są oparte na formułach z arkuszy Dane źródłowe i Założenia. Wartości wprowadzone na sztywno są odizolowane wyłącznie w arkuszach Dane źródłowe i Założenia.
A3: Miara | B3: 2020 | C3: 2021 | D3: 2022 | E3: 2023 | F3: 2024 | G3: 2025 | H3: 2026 | I3: 2027 | J3: 2028 | K3: 2029 | L3: 2030
A4: Okres | B4: 2020A | C4: 2021A | D4: 2022A | E4: 2023A | F4: 2024A | G4: 2025A | H4: 2026E | I4: 2027E | J4: 2028E | K4: 2029E | L4: 2030E
A5: Rachunek zysków i strat
A6: Przychody ze sprzedaży | B6: ='Dane źródłowe'!B5 -> 10125815 | C6: ='Dane źródłowe'!C5 -> 13362012 | D6: ='Dane źródłowe'!D5 -> 19801622 | E6: ='Dane źródłowe'!E5 -> 25666255 | F6: ='Dane źródłowe'!F5 -> 29273792 | G6: ='Dane źródłowe'!G5 -> 33634155 | H6: ='Czynniki operacyjne'!H13 -> 39947286 | I6: ='Czynniki operacyjne'!I13 -> 46490651 | J6: ='Czynniki operacyjne'!J13 -> 53512599 | K6: ='Czynniki operacyjne'!K13 -> 60914462 | L6: ='Czynniki operacyjne'!L13 -> 68567755
A7: Wzrost przychodów | C7: =C6/B6-1 -> 0.31959867 | D7: =D6/C6-1 -> 0.48193416 | E7: =E6/D6-1 -> 0.29616932 | F7: =F6/E6-1 -> 0.14055564 | G7: =G6/F6-1 -> 0.14895108 | H7: =H6/G6-1 -> 0.1877 | I7: =I6/H6-1 -> 0.1638 | J7: =J6/I6-1 -> 0.15104 | ... L7: =L6/K6-1 -> 0.12564
A8: Koszt własny sprzedaży | B8: ='Dane źródłowe'!B6 -> -7521986 | C8: ='Dane źródłowe'!C6 -> -10038342 | D8: ='Dane źródłowe'!D6 -> -15038630 | E8: ='Dane źródłowe'!E6 -> -19741459 | F8: ='Dane źródłowe'!F6 -> -22463233 | G8: ='Dane źródłowe'!G6 -> -25723078 | H8: =-H6*(1-Założenia!B28) -> -30479779 | I8: =-I6*(1-Założenia!C28) -> -35425876 | J8: =-J6*(1-Założenia!D28) -> -40723088 | K8: =-K6*(1-Założenia!E28) -> -46294991 | L8: =-L6*(1-Założenia!F28) -> -52111494
A9: Zysk brutto | B9: =B6+B8 -> 2603829 | C9: =C6+C8 -> 3323670 | D9: =D6+D8 -> 4762992 | E9: =E6+E8 -> 5924796 | F9: =F6+F8 -> 6810559 | G9: =G6+G8 -> 7911077 | H9: =H6+H8 -> 9467506.8 | I9: =I6+I8 -> 11064775 | ... L9: =L6+L8 -> 16456261
A10: Marża brutto | B10: =B9/B6 -> 0.2571476 | C10: =C9/C6 -> 0.24874023 | D10: =D9/D6 -> 0.24053545 | E10: =E9/E6 -> 0.23083991 | F10: =F9/F6 -> 0.23265039 | G10: =G9/G6 -> 0.23520963 | H10: =H9/H6 -> 0.237 | I10: =I9/I6 -> 0.238 | ... L10: =L9/L6 -> 0.24
A11: Pozostałe przychody operacyjne | B11: ='Dane źródłowe'!B8 -> 7598 | C11: ='Dane źródłowe'!C8 -> 14364 | D11: ='Dane źródłowe'!D8 -> 16282 | E11: ='Dane źródłowe'!E8 -> 13477 | F11: ='Dane źródłowe'!F8 -> 24185 | G11: ='Dane źródłowe'!G8 -> 29231 | H11: =H6*Założenia!B30 -> 31957.829 | I11: =I6*Założenia!C30 -> 37192.521 | J11: =J6*Założenia!D30 -> 42810.079 | K11: =K6*Założenia!E30 -> 48731.57 | L11: =L6*Założenia!F30 -> 54854.204
A12: Koszty sprzedaży i marketingu | B12: ='Dane źródłowe'!B9 -> -1668084 | C12: ='Dane źródłowe'!C9 -> -2181963 | D12: ='Dane źródłowe'!D9 -> -3080061 | E12: ='Dane źródłowe'!E9 -> -3878421 | F12: ='Dane źródłowe'!F9 -> -4678717 | G12: ='Dane źródłowe'!G9 -> -5576262 | H12: =-H6*(16.5%-0.2%) -> -6511407.6 | I12: =-I6*(16.5%-0.2%) -> -7577976.2 | J12: =-J6*(16.5%-0.2%) -> -8722553.7 | K12: =-K6*(16.5%-0.2%) -> -9929057.3 | L12: =-L6*(16.5%-0.2%) -> -11176544
A13: Koszty ogólnego zarządu | B13: ='Dane źródłowe'!B10 -> -99783 | C13: ='Dane źródłowe'!C10 -> -117285 | D13: ='Dane źródłowe'!D10 -> -143217 | E13: ='Dane źródłowe'!E10 -> -173736 | F13: ='Dane źródłowe'!F10 -> -233653 | G13: ='Dane źródłowe'!G10 -> -302944 | H13: =G13*(1.005+H7-0.5%) -> -359806.59 | I13: =H13*(1.005+I7-0.5%) -> -418742.91 | J13: =I13*(1.005+J7-0.5%) -> -481989.84 | K13: =J13*(1.005+K7-0.5%) -> -548658.67 | L13: =K13*(1.005+L7-0.5%) -> -617592.15
A14: Pozostałe koszty operacyjne | B14: ='Dane źródłowe'!B11 -> -5701 | C14: ='Dane źródłowe'!C11 -> -14793 | D14: ='Dane źródłowe'!D11 -> -18177 | E14: ='Dane źródłowe'!E11 -> -10261 | F14: ='Dane źródłowe'!F11 -> -14044 | G14: ='Dane źródłowe'!G11 -> -19820 | H14: =G14*(1+Założenia!B27) -> -20612.8 | I14: =H14*(1+Założenia!C27) -> -21334.248 | J14: =I14*(1+Założenia!D27) -> -21974.275 | K14: =J14*(1+Założenia!E27) -> -22578.568 | L14: =K14*(1+Założenia!F27) -> -23143.032
A15: EBITDA | B15: =SUM(B6,B8,B11,B12,B13,B14) -> 837859 | C15: =SUM(C6,C8,C11,C12,C13,C14) -> 1023993 | D15: =SUM(D6,D8,D11,D12,D13,D14) -> 1537819 | E15: =SUM(E6,E8,E11,E12,E13,E14) -> 1875855 | F15: =SUM(F6,F8,F11,F12,F13,F14) -> 1908330 | G15: =SUM(G6,G8,G11,G12,G13,G14) -> 2041282 | H15: =SUM(H6,H8,H11,H12,H13,H14) -> 2607637.6 | I15: =SUM(I6,I8,I11,I12,I13,I14) -> 3083914.2 | ... L15: =SUM(L6,L8,L11,L12,L13,L14) -> 4693836.2
A16: Marża EBITDA | B16: =B15/B6 -> 0.082744846 | C16: =C15/C6 -> 0.076634642 | D16: =D15/D6 -> 0.077661264 | E16: =E15/E6 -> 0.073086432 | F16: =F15/F6 -> 0.065189026 | G16: =G15/G6 -> 0.060690747 | H16: =H15/H6 -> 0.065276965 | I16: =I15/I6 -> 0.066334072 | ... L16: =L15/L6 -> 0.068455445
A17: Koszt amortyzacji | B17: =-'Dane źródłowe'!B64 -> -198146 | C17: =-'Dane źródłowe'!C64 -> -247343 | D17: =-'Dane źródłowe'!D64 -> -300129 | E17: =-'Dane źródłowe'!E64 -> -356828 | F17: =-'Dane źródłowe'!F64 -> -409179 | G17: =-'Dane źródłowe'!G64 -> -505031 | H17: =-H6*Założenia!B31 -> -599209.29 | I17: =-I6*Założenia!C31 -> -743850.42 | J17: =-J6*Założenia!D31 -> -909714.19 | K17: =-K6*Założenia!E31 -> -1096460.3 | L17: =-L6*Założenia!F31 -> -1302787.3
A18: EBIT | B18: =B15+B17 -> 639713 | C18: =C15+C17 -> 776650 | D18: =D15+D17 -> 1237690 | E18: =E15+E17 -> 1519027 | F18: =F15+F17 -> 1499151 | G18: =G15+G17 -> 1536251 | H18: =H15+H17 -> 2008428.3 | I18: =I15+I17 -> 2340063.8 | ... L18: =L15+L17 -> 3391048.8
A19: Marża EBIT | B19: =B18/B6 -> 0.063176446 | C19: =C18/C6 -> 0.058123732 | D19: =D18/D6 -> 0.062504476 | E19: =E18/E6 -> 0.059183819 | F19: =F18/F6 -> 0.05121137 | G19: =G18/G6 -> 0.045675326 | H19: =H18/H6 -> 0.050276965 | I19: =I18/I6 -> 0.050334072 | ... L19: =L18/L6 -> 0.049455445
A20: Przychody finansowe | B20: ='Dane źródłowe'!B13 -> 3237 | C20: ='Dane źródłowe'!C13 -> 1119 | D20: ='Dane źródłowe'!D13 -> 5092 | E20: ='Dane źródłowe'!E13 -> 10442 | F20: ='Dane źródłowe'!F13 -> 6657 | G20: ='Dane źródłowe'!G13 -> 8316 | H20: =G44*Założenia!B14 -> 19096.28 | I20: =H44*Założenia!B14 -> 3546.4866 | J20: =I44*Założenia!B14 -> 7400.712 | K20: =J44*Założenia!B14 -> 14683.683 | L20: =K44*Założenia!B14 -> 26224.734
A21: Koszty odsetkowe - dług / leasingi / obligacje | B21: -30379 | C21: -26155 | D21: -124832 | E21: -127285 | F21: -90957 | G21: -67946 | H21: =-'Dług i WACC'!H20 -> -47623.472 | I21: =-'Dług i WACC'!I20 -> -43178.959 | J21: =-'Dług i WACC'!J20 -> -44893.443 | K21: =-'Dług i WACC'!K20 -> -46812.638 | L21: =-'Dług i WACC'!L20 -> -48927.768
A22: Koszty odsetkowe - zobowiązania handlowe | B22: -18139 | C22: -20434 | D22: -15839 | E22: -19600 | F22: -29836 | G22: -54614 | H22: =-'Dług i WACC'!H18 -> -57139.929 | I22: =-'Dług i WACC'!I18 -> -67865.094 | J22: =-'Dług i WACC'!J18 -> -78981.396 | K22: =-'Dług i WACC'!K18 -> -90910.746 | L22: =-'Dług i WACC'!L18 -> -103485.52
A23: Koszty odsetkowe - pozostałe zobowiązania | B23: -3494 | C23: -56 | D23: -622 | E23: -431 | F23: -560 | G23: -277 | H23: =-'Dług i WACC'!H19 -> 0 | I23: =-'Dług i WACC'!I19 -> 0 | J23: =-'Dług i WACC'!J19 -> 0 | K23: =-'Dług i WACC'!K19 -> 0 | L23: =-'Dług i WACC'!L19 -> 0
A24: Pozostałe koszty / (przychody) finansowe | B24: -84 | C24: -58 | D24: 0 | E24: 0 | F24: -71 | G24: -108 | H24: =-Założenia!B53 -> 0 | I24: =-Założenia!C53 -> 0 | J24: =-Założenia!D53 -> 0 | K24: =-Założenia!E53 -> 0 | L24: =-Założenia!F53 -> 0
A25: Koszty finansowe razem | B25: =SUM(B21:B24) -> -52096 | C25: =SUM(C21:C24) -> -46703 | D25: =SUM(D21:D24) -> -141293 | E25: =SUM(E21:E24) -> -147316 | F25: =SUM(F21:F24) -> -121424 | G25: =SUM(G21:G24) -> -122945 | H25: =SUM(H21:H24) -> -104763.4 | I25: =SUM(I21:I24) -> -111044.05 | ... L25: =SUM(L21:L24) -> -152413.29
A26: Zysk przed opodatkowaniem | B26: =B18+B20+B25 -> 590854 | C26: =C18+C20+C25 -> 731066 | D26: =D18+D20+D25 -> 1101489 | E26: =E18+E20+E25 -> 1382153 | F26: =F18+F20+F25 -> 1384384 | G26: =G18+G20+G25 -> 1421622 | H26: =H18+H20+H25 -> 1922761.2 | I26: =I18+I20+I25 -> 2232566.2 | ... L26: =L18+L20+L25 -> 3264860.3
A27: Podatek dochodowy | B27: ='Dane źródłowe'!B16 -> -145083 | C27: ='Dane źródłowe'!C16 -> -173106 | D27: ='Dane źródłowe'!D16 -> -269531 | E27: ='Dane źródłowe'!E16 -> -333654 | F27: ='Dane źródłowe'!F16 -> -287834 | G27: ='Dane źródłowe'!G16 -> -367856 | H27: =-H26*Założenia!B15 -> -365324.63 | I27: =-I26*Założenia!B15 -> -424187.58 | J27: =-J26*Założenia!B15 -> -490126.89 | K27: =-K26*Założenia!B15 -> -560197.5 | L27: =-L26*Założenia!B15 -> -620323.45
A28: Zysk netto | B28: =B26+B27 -> 445771 | C28: =C26+C27 -> 557960 | D28: =D26+D27 -> 831958 | E28: =E26+E27 -> 1048499 | F28: =F26+F27 -> 1096550 | G28: =G26+G27 -> 1053766 | H28: =H26+H27 -> 1557436.6 | I28: =I26+I27 -> 1808378.6 | ... L28: =L26+L27 -> 2644536.8
A29: Marża netto | B29: =B28/B6 -> 0.044023222 | C29: =C28/C6 -> 0.041757184 | D29: =D28/D6 -> 0.042014639 | E29: =E28/E6 -> 0.040851266 | F29: =F28/F6 -> 0.03745842 | G29: =G28/G6 -> 0.031330236 | H29: =H28/H6 -> 0.038987294 | I29: =I28/I6 -> 0.038897684 | ... L29: =L28/L6 -> 0.038568228
A30: Rachunek przepływów pieniężnych
A31: Zysk netto | B31: =B28 -> 445771 | C31: =C28 -> 557960 | D31: =D28 -> 831958 | E31: =E28 -> 1048499 | F31: =F28 -> 1096550 | G31: =G28 -> 1053766 | H31: =H28 -> 1557436.6 | I31: =I28 -> 1808378.6 | ... L31: =L28 -> 2644536.8
A32: Korekta o amortyzację | B32: =-B17 -> 198146 | C32: =-C17 -> 247343 | D32: =-D17 -> 300129 | E32: =-E17 -> 356828 | F32: =-F17 -> 409179 | G32: =-G17 -> 505031 | H32: =-H17 -> 599209.29 | I32: =-I17 -> 743850.42 | ... L32: =-L17 -> 1302787.3
A33: Zmiana kapitału obrotowego netto i pozostałe pozycje operacyjne | B33: =B34-SUM(B31:B32) -> 176005 | C33: =SUM('Dane źródłowe'!C28:C31)-SUM('Dane źródłowe'!B28:B31) -> 529904 | D33: =SUM('Dane źródłowe'!D28:D31)-SUM('Dane źródłowe'!C28:C31) -> 757504 | E33: =SUM('Dane źródłowe'!E28:E31)-SUM('Dane źródłowe'!D28:D31) -> 710654 | F33: =SUM('Dane źródłowe'!F28:F31)-SUM('Dane źródłowe'!E28:E31) -> 512930 | G33: =SUM('Dane źródłowe'!G28:G31)-SUM('Dane źródłowe'!F28:F31) -> 468881 | H33: =(H90-G90) -> -347357.71 | I33: =-(I90-H90) -> 360423.34 | J33: =-(J90-I90) -> 389186.26 | K33: =-(K90-J90) -> 413821.09 | L33: =-(L90-K90) -> 431376.56
A34: Przepływy pieniężne z działalności operacyjnej | B34: ='Dane źródłowe'!B72 -> 819922 | C34: ='Dane źródłowe'!C72 -> 1326331 | D34: ='Dane źródłowe'!D72 -> 1253422 | E34: ='Dane źródłowe'!E72 -> 1771540 | F34: ='Dane źródłowe'!F72 -> 2557453 | G34: ='Dane źródłowe'!G72 -> 2697445 | H34: =SUM(H31:H33) -> 1809288.1 | I34: =SUM(I31:I33) -> 2912652.4 | J34: =SUM(J31:J33) -> 3388388.8 | K34: =SUM(K31:K33) -> 3898491.8 | L34: =SUM(L31:L33) -> 4378700.7
A35: Nakłady inwestycyjne | B35: ='Dane źródłowe'!B74 -> -1002025 | C35: ='Dane źródłowe'!C74 -> -1335604 | D35: ='Dane źródłowe'!D74 -> -1445905 | E35: ='Dane źródłowe'!E74 -> -1172863 | F35: ='Dane źródłowe'!F74 -> -1561914 | G35: ='Dane źródłowe'!G74 -> -2087043 | H35: =-H6*Założenia!B32 -> -2436784.4 | I35: =-I6*Założenia!C32 -> -2742948.4 | J35: =-J6*Założenia!D32 -> -3050218.2 | K35: =-K6*Założenia!E32 -> -3350295.4 | L35: =-L6*Założenia!F32 -> -3634091
A36: Pozostała działalność inwestycyjna | B36: ='Dane źródłowe'!B79-B35 -> 1889 | C36: ='Dane źródłowe'!C79-C35 -> 4876 | D36: ='Dane źródłowe'!D79-D35 -> 11342 | E36: ='Dane źródłowe'!E79-E35 -> 14607 | F36: ='Dane źródłowe'!F79-F35 -> -34995 | G36: ='Dane źródłowe'!G79-G35 -> 11989 | H36: =Założenia!B56 -> 0 | I36: =Założenia!C56 -> 0 | J36: =Założenia!D56 -> 0 | K36: =Założenia!E56 -> 0 | L36: =Założenia!F56 -> 0
A37: Przepływy pieniężne z działalności inwestycyjnej | B37: =SUM(B35:B36) -> -1000136 | C37: =SUM(C35:C36) -> -1330728 | D37: =SUM(D35:D36) -> -1434563 | E37: =SUM(E35:E36) -> -1158256 | F37: =SUM(F35:F36) -> -1596909 | G37: =SUM(G35:G36) -> -2075054 | H37: =SUM(H35:H36) -> -2436784.4 | I37: =SUM(I35:I36) -> -2742948.4 | ... L37: =SUM(L35:L36) -> -3634091
A38: Zmiana netto długu / leasingu / obligacji | B38: =SUM('Dane źródłowe'!B80:B85) -> 265912 | C38: =SUM('Dane źródłowe'!C80:C85) -> -57406 | D38: =SUM('Dane źródłowe'!D80:D85) -> 145244 | E38: =SUM('Dane źródłowe'!E80:E85) -> -777613 | F38: =SUM('Dane źródłowe'!F80:F85) -> -287911 | G38: =SUM('Dane źródłowe'!G80:G85) -> -558599 | H38: =Założenia!B44+Założenia!B46+Założenia!B48 -> -149993.37 | I38: =Założenia!C44+Założenia!C46+Założenia!C48 -> 23007.293 | J38: =Założenia!D44+Założenia!D46+Założenia!D48 -> 25977.949 | K38: =Założenia!E44+Założenia!E46+Założenia!E48 -> 28856.185 | L38: =Założenia!F44+Założenia!F46+Założenia!F48 -> 31576.118
A39: Dywidendy / wypłaty | B39: =0 -> 0 | C39: =0 -> 0 | D39: =0 -> 0 | E39: =0 -> 0 | F39: =0 -> 0 | G39: =0 -> 0 | H39: =Założenia!B55 -> 0 | I39: =Założenia!C55 -> 0 | J39: =Założenia!D55 -> 0 | K39: =Założenia!E55 -> 0 | L39: =Założenia!F55 -> 0
A40: Pozostałe finansowanie / pozycja bilansująca | B40: ='Dane źródłowe'!B86-B38-B39 -> 0 | C40: ='Dane źródłowe'!C86-C38-C39 -> 0 | D40: ='Dane źródłowe'!D86-D38-D39 -> 0 | E40: ='Dane źródłowe'!E86-E38-E39 -> 0 | F40: ='Dane źródłowe'!F86-F38-F39 -> 0 | G40: ='Dane źródłowe'!G86-G38-G39 -> 0 | H40: =Założenia!B54 -> 0 | I40: =Założenia!C54 -> 0 | J40: =Założenia!D54 -> 0 | K40: =Założenia!E54 -> 0 | L40: =Założenia!F54 -> 0
A41: Przepływy pieniężne z działalności finansowej | B41: =SUM(B38:B40) -> 265912 | C41: =SUM(C38:C40) -> -57406 | D41: =SUM(D38:D40) -> 145244 | E41: =SUM(E38:E40) -> -777613 | F41: =SUM(F38:F40) -> -287911 | G41: =SUM(G38:G40) -> -558599 | H41: =SUM(H38:H40) -> -149993.37 | I41: =SUM(I38:I40) -> 23007.293 | ... L41: =SUM(L38:L40) -> 31576.118
A42: Zwiększenie / (zmniejszenie) netto środków pieniężnych | B42: =SUM(B34,B37,B41) -> 85698 | C42: =SUM(C34,C37,C41) -> -61803 | D42: =SUM(D34,D37,D41) -> -35897 | E42: =SUM(E34,E37,E41) -> -164329 | F42: =SUM(F34,F37,F41) -> 672633 | G42: =SUM(G34,G37,G41) -> 63792 | H42: =SUM(H34,H37,H41) -> -777489.67 | I42: =SUM(I34,I37,I41) -> 192711.27 | ... L42: =SUM(L34,L37,L41) -> 776185.82
A43: Środki pieniężne na początek okresu | B43: ='Dane źródłowe'!B88 -> 394720 | C43: ='Dane źródłowe'!C88 -> 480418 | D43: ='Dane źródłowe'!D88 -> 418615 | E43: ='Dane źródłowe'!E88 -> 382718 | F43: ='Dane źródłowe'!F88 -> 218389 | G43: ='Dane źródłowe'!G88 -> 891022 | H43: =G44 -> 954814 | I43: =H44 -> 177324.33 | J43: =I44 -> 370035.6 | K43: =J44 -> 734184.15 | L43: =K44 -> 1311236.7
A44: Środki pieniężne na koniec okresu | B44: ='Dane źródłowe'!B89 -> 480418 | C44: ='Dane źródłowe'!C89 -> 418615 | D44: ='Dane źródłowe'!D89 -> 382718 | E44: ='Dane źródłowe'!E89 -> 218389 | F44: ='Dane źródłowe'!F89 -> 891022 | G44: ='Dane źródłowe'!G89 -> 954814 | H44: =H43+H42 -> 177324.33 | I44: =I43+I42 -> 370035.6 | J44: =J43+J42 -> 734184.15 | K44: =K43+K42 -> 1311236.7 | L44: =L43+L42 -> 2087422.5
A45: Bilans
A46: Aktywa PPE i ROU | B46: ='Dane źródłowe'!B22+'Dane źródłowe'!B23 -> 3934018 | C46: ='Dane źródłowe'!C22+'Dane źródłowe'!C23 -> 5051284 | D46: ='Dane źródłowe'!D22+'Dane źródłowe'!D23 -> 6175148 | E46: ='Dane źródłowe'!E22+'Dane źródłowe'!E23 -> 6968171 | F46: ='Dane źródłowe'!F22+'Dane źródłowe'!F23 -> 8372265 | G46: ='Dane źródłowe'!G22+'Dane źródłowe'!G23 -> 9991687 | H46: =G46-(H35*Założenia!B38)-(H32*Założenia!B40) -> 11737383 | I46: =H46-(I35*Założenia!C38)-(I32*Założenia!C40) -> 13636527 | J46: =I46-(J35*Założenia!D38)-(J32*Założenia!D40) -> 15670005 | K46: =J46-(K35*Założenia!E38)-(K32*Założenia!E40) -> 17811149 | L46: =K46-(L35*Założenia!F38)-(L32*Założenia!F40) -> 20025887
A47: Wartości niematerialne | B47: ='Dane źródłowe'!B24 -> 99050 | C47: ='Dane źródłowe'!C24 -> 96947 | D47: ='Dane źródłowe'!D24 -> 94737 | E47: ='Dane źródłowe'!E24 -> 115056 | F47: ='Dane źródłowe'!F24 -> 169964 | G47: ='Dane źródłowe'!G24 -> 176185 | H47: =G47-(H35*Założenia!B39)-(H32*Założenia!B41) -> 268063.76 | I47: =H47-(I35*Założenia!C39)-(I32*Założenia!C41) -> 368018.66 | J47: =I47-(J35*Założenia!D39)-(J32*Założenia!D41) -> 475043.86 | K47: =J47-(K35*Założenia!E39)-(K32*Założenia!E41) -> 587735.61 | L47: =K47-(L35*Założenia!F39)-(L32*Założenia!F41) -> 704300.79
A48: Pozostałe aktywa trwałe | B48: ='Dane źródłowe'!B25 -> 6 | C48: ='Dane źródłowe'!C25 -> 0 | D48: ='Dane źródłowe'!D25 -> 0 | E48: ='Dane źródłowe'!E25 -> 0 | F48: ='Dane źródłowe'!F25 -> 0 | G48: ='Dane źródłowe'!G25 -> 0 | H48: =G48 -> 0 | I48: =H48 -> 0 | J48: =I48 -> 0 | K48: =J48 -> 0 | L48: =K48 -> 0
A49: Aktywa z tytułu odroczonego podatku | B49: ='Dane źródłowe'!B26 -> 20738 | C49: ='Dane źródłowe'!C26 -> 35116 | D49: ='Dane źródłowe'!D26 -> 26468 | E49: ='Dane źródłowe'!E26 -> 41323 | F49: ='Dane źródłowe'!F26 -> 74149 | G49: ='Dane źródłowe'!G26 -> 31376 | H49: =G49 -> 31376 | I49: =H49 -> 31376 | J49: =I49 -> 31376 | K49: =J49 -> 31376 | L49: =K49 -> 31376
A50: Aktywa trwałe razem | B50: =SUM(B46:B49) -> 4053812 | C50: =SUM(C46:C49) -> 5183347 | D50: =SUM(D46:D49) -> 6296353 | E50: =SUM(E46:E49) -> 7124550 | F50: =SUM(F46:F49) -> 8616378 | G50: =SUM(G46:G49) -> 10199248 | H50: =SUM(H46:H49) -> 12036823 | I50: =SUM(I46:I49) -> 14035921 | ... L50: =SUM(L46:L49) -> 20761564
A51: Zapasy | B51: ='Dane źródłowe'!B28 -> 875147 | C51: ='Dane źródłowe'!C28 -> 1373463 | D51: ='Dane źródłowe'!D28 -> 1978778 | E51: ='Dane źródłowe'!E28 -> 2638859 | F51: ='Dane źródłowe'!F28 -> 3081444 | G51: ='Dane źródłowe'!G28 -> 3548100 | H51: =H6*G51/G6 -> 4214078.4 | I51: =I6*H51/H6 -> 4904344.4 | J51: =J6*I51/I6 -> 5645096.6 | K51: =K6*J51/J6 -> 6425926.3 | L51: =L6*K51/K6 -> 7233279.7
A52: Należności handlowe i pozostałe | B52: ='Dane źródłowe'!B29 -> 86822 | C52: ='Dane źródłowe'!C29 -> 144012 | D52: ='Dane źródłowe'!D29 -> 274872 | E52: ='Dane źródłowe'!E29 -> 330389 | F52: ='Dane źródłowe'!F29 -> 376480 | G52: ='Dane źródłowe'!G29 -> 372038 | H52: =H6/Założenia!B11*Założenia!B34 -> 437778.48 | I52: =I6/Założenia!B11*Założenia!C34 -> 509486.59 | J52: =J6/Założenia!B11*Założenia!D34 -> 586439.44 | K52: =K6/Założenia!B11*Założenia!E34 -> 667555.75 | L52: =L6/Założenia!B11*Założenia!F34 -> 751427.45
A53: Należności z tytułu podatku dochodowego | B53: ='Dane źródłowe'!B30 -> 2 | C53: ='Dane źródłowe'!C30 -> 55 | D53: ='Dane źródłowe'!D30 -> 0 | E53: ='Dane źródłowe'!E30 -> 103 | F53: ='Dane źródłowe'!F30 -> 220 | G53: ='Dane źródłowe'!G30 -> 18596 | H53: =G53*(1+Założenia!B27) -> 19339.84 | I53: =H53*(1+Założenia!C27) -> 20016.734 | J53: =I53*(1+Założenia!D27) -> 20617.236 | K53: =J53*(1+Założenia!E27) -> 21184.21 | L53: =K53*(1+Założenia!F27) -> 21713.816
A54: Pozostałe aktywa obrotowe | B54: ='Dane źródłowe'!B31 -> 73367 | C54: ='Dane źródłowe'!C31 -> 47712 | D54: ='Dane źródłowe'!D31 -> 69096 | E54: ='Dane źródłowe'!E31 -> 64049 | F54: ='Dane źródłowe'!F31 -> 88186 | G54: ='Dane źródłowe'!G31 -> 76477 | H54: =G54*(1+Założenia!B27) -> 79536.08 | I54: =H54*(1+Założenia!C27) -> 82319.843 | J54: =I54*(1+Założenia!D27) -> 84789.438 | K54: =J54*(1+Założenia!E27) -> 87121.148 | L54: =K54*(1+Założenia!F27) -> 89299.176
A55: Pozostałe aktywa finansowe | B55: ='Dane źródłowe'!B32 -> 942 | C55: ='Dane źródłowe'!C32 -> 1327 | D55: ='Dane źródłowe'!D32 -> 1242 | E55: ='Dane źródłowe'!E32 -> 1376 | F55: ='Dane źródłowe'!F32 -> 2064 | G55: ='Dane źródłowe'!G32 -> 2007 | H55: =G55*(1+Założenia!B27) -> 2087.28 | I55: =H55*(1+Założenia!C27) -> 2160.3348 | J55: =I55*(1+Założenia!D27) -> 2225.1448 | K55: =J55*(1+Założenia!E27) -> 2286.3363 | L55: =K55*(1+Założenia!F27) -> 2343.4947
A56: Środki pieniężne i ich ekwiwalenty | B56: =B44 -> 480418 | C56: =C44 -> 418615 | D56: =D44 -> 382718 | E56: =E44 -> 218389 | F56: =F44 -> 891022 | G56: =G44 -> 954814 | H56: =H44 -> 177324.33 | I56: =I44 -> 370035.6 | ... L56: =L44 -> 2087422.5
A57: Aktywa obrotowe razem | B57: =SUM(B51:B56) -> 1516698 | C57: =SUM(C51:C56) -> 1985184 | D57: =SUM(D51:D56) -> 2706706 | E57: =SUM(E51:E56) -> 3253165 | F57: =SUM(F51:F56) -> 4439416 | G57: =SUM(G51:G56) -> 4972032 | H57: =SUM(H51:H56) -> 4930144.4 | I57: =SUM(I51:I56) -> 5888363.5 | ... L57: =SUM(L51:L56) -> 10185486
A58: Aktywa razem | B58: =SUM(B50,B57) -> 5570510 | C58: =SUM(C50,C57) -> 7168531 | D58: =SUM(D50,D57) -> 9003059 | E58: =SUM(E50,E57) -> 10377715 | F58: =SUM(F50,F57) -> 13055794 | G58: =SUM(G50,G57) -> 15171280 | H58: =SUM(H50,H57) -> 16966968 | I58: =SUM(I50,I57) -> 19924285 | ... L58: =SUM(L50,L57) -> 30947050
A59: Kapitał własny
A60: Kapitał zakładowy | B60: ='Dane źródłowe'!B37 -> 9804 | C60: ='Dane źródłowe'!C37 -> 9804 | D60: ='Dane źródłowe'!D37 -> 9804 | E60: ='Dane źródłowe'!E37 -> 9804 | F60: ='Dane źródłowe'!F37 -> 9804 | G60: ='Dane źródłowe'!G37 -> 9804 | H60: =G60 -> 9804 | I60: =H60 -> 9804 | J60: =I60 -> 9804 | K60: =J60 -> 9804 | L60: =K60 -> 9804
A61: Kapitał zapasowy | B61: ='Dane źródłowe'!B38 -> 2063322 | C61: ='Dane źródłowe'!C38 -> 2707720 | D61: ='Dane źródłowe'!D38 -> 3512022 | E61: ='Dane źródłowe'!E38 -> 4652148 | F61: ='Dane źródłowe'!F38 -> 6058912 | G61: ='Dane źródłowe'!G38 -> 7569927 | H61: =G61 -> 7569927 | I61: =H61 -> 7569927 | J61: =I61 -> 7569927 | K61: =J61 -> 7569927 | L61: =K61 -> 7569927
A62: Zyski zatrzymane | B62: ='Dane źródłowe'!B39 -> 185937 | C62: ='Dane źródłowe'!C39 -> 345166 | D62: ='Dane źródłowe'!D39 -> 674457 | E62: ='Dane źródłowe'!E39 -> 935859 | F62: ='Dane źródłowe'!F39 -> 1031871 | G62: ='Dane źródłowe'!G39 -> 1077742 | H62: =G62+H28+H39 -> 2635178.6 | I62: =H62+I28+I39 -> 4443557.2 | J62: =I62+J28+J39 -> 6533045.5 | K62: =J62+K28+K39 -> 8921255.9 | L62: =K62+L28+L39 -> 11565793
A63: Pozostały kapitał własny | B63: ='Dane źródłowe'!B40 -> 7500 | C63: ='Dane źródłowe'!C40 -> 7500 | D63: ='Dane źródłowe'!D40 -> 7500 | E63: ='Dane źródłowe'!E40 -> 7500 | F63: ='Dane źródłowe'!F40 -> -15436 | G63: ='Dane źródłowe'!G40 -> -4080 | H63: =G63 -> -4080 | I63: =H63 -> -4080 | J63: =I63 -> -4080 | K63: =J63 -> -4080 | L63: =K63 -> -4080
A64: Udziały niekontrolujące | B64: ='Dane źródłowe'!B41 -> 0 | C64: ='Dane źródłowe'!C41 -> 0 | D64: ='Dane źródłowe'!D41 -> 0 | E64: ='Dane źródłowe'!E41 -> 0 | F64: ='Dane źródłowe'!F41 -> 17283 | G64: ='Dane źródłowe'!G41 -> 17720 | H64: =G64 -> 17720 | I64: =H64 -> 17720 | J64: =I64 -> 17720 | K64: =J64 -> 17720 | L64: =K64 -> 17720
A65: Kapitał własny razem | B65: =SUM(B60:B64) -> 2266563 | C65: =SUM(C60:C64) -> 3070190 | D65: =SUM(D60:D64) -> 4203783 | E65: =SUM(E60:E64) -> 5605311 | F65: =SUM(F60:F64) -> 7102434 | G65: =SUM(G60:G64) -> 8671113 | H65: =SUM(H60:H64) -> 10228550 | I65: =SUM(I60:I64) -> 12036928 | ... L65: =SUM(L60:L64) -> 19159164
A66: Zobowiązania
A67: Kredyty bankowe (długoterminowe) | B67: ='Dług i WACC'!B6 -> 725851 | C67: ='Dług i WACC'!C6 -> 583014 | D67: ='Dług i WACC'!D6 -> 690862 | E67: ='Dług i WACC'!E6 -> 469629 | F67: ='Dług i WACC'!F6 -> 272219 | G67: ='Dług i WACC'!G6 -> 312861 | H67: ='Dług i WACC'!H6 -> 310067.29 | I67: ='Dług i WACC'!I6 -> 303367.29 | ... L67: ='Dług i WACC'!L6 -> 283267.29
A68: Zobowiązania leasingowe (długoterminowe) | B68: ='Dług i WACC'!B8 -> 67876 | C68: ='Dług i WACC'!C8 -> 46621 | D68: ='Dług i WACC'!D8 -> 34673 | E68: ='Dług i WACC'!E8 -> 35612 | F68: ='Dług i WACC'!F8 -> 60818 | G68: ='Dług i WACC'!G8 -> 87851 | H68: ='Dług i WACC'!H8 -> 111129.01 | I68: ='Dług i WACC'!I8 -> 137204.77 | ... L68: ='Dług i WACC'!L8 -> 229168.87
A69: Obligacje (długoterminowe) | B69: ='Dług i WACC'!B10 -> 419936 | C69: ='Dług i WACC'!C10 -> 450000 | D69: ='Dług i WACC'!D10 -> 370000 | E69: ='Dług i WACC'!E10 -> 370000 | F69: ='Dług i WACC'!F10 -> 170000 | G69: ='Dług i WACC'!G10 -> 0 | H69: ='Dług i WACC'!H10 -> 1411.5 | I69: ='Dług i WACC'!I10 -> 1411.5 | ... L69: ='Dług i WACC'!L10 -> 1411.5
A70: Pozostałe zobowiązania (długoterminowe) | B70: ='Dane źródłowe'!B46+'Dane źródłowe'!B47 -> 180 | C70: ='Dane źródłowe'!C46+'Dane źródłowe'!C47 -> 150 | D70: ='Dane źródłowe'!D46+'Dane źródłowe'!D47 -> 120 | E70: ='Dane źródłowe'!E46+'Dane źródłowe'!E47 -> 90 | F70: ='Dane źródłowe'!F46+'Dane źródłowe'!F47 -> 22996 | G70: ='Dane źródłowe'!G46+'Dane źródłowe'!G47 -> 11610 | H70: =G70 -> 11610 | I70: =H70 -> 11610 | J70: =I70 -> 11610 | K70: =J70 -> 11610 | L70: =K70 -> 11610
A71: Świadczenia pracownicze (długoterminowe) | B71: ='Dane źródłowe'!B48 -> 2844 | C71: ='Dane źródłowe'!C48 -> 4827 | D71: ='Dane źródłowe'!D48 -> 5794 | E71: ='Dane źródłowe'!E48 -> 10900 | F71: ='Dane źródłowe'!F48 -> 14142 | G71: ='Dane źródłowe'!G48 -> 18041 | H71: =G71*(1+Założenia!B27) -> 18762.64 | I71: =H71*(1+Założenia!C27) -> 19419.332 | J71: =I71*(1+Założenia!D27) -> 20001.912 | K71: =J71*(1+Założenia!E27) -> 20551.965 | L71: =K71*(1+Założenia!F27) -> 21065.764
A72: Rezerwa z tytułu odroczonego podatku | B72: ='Dane źródłowe'!B49 -> 6555 | C72: ='Dane źródłowe'!C49 -> 8187 | D72: ='Dane źródłowe'!D49 -> 7700 | E72: ='Dane źródłowe'!E49 -> 6880 | F72: ='Dane źródłowe'!F49 -> 30336 | G72: ='Dane źródłowe'!G49 -> 4609 | H72: =G72 -> 4609 | I72: =H72 -> 4609 | J72: =I72 -> 4609 | K72: =J72 -> 4609 | L72: =K72 -> 4609
A73: Bierne rozliczenia międzyokresowe i przychody przyszłych okresów (długoterminowe) | B73: ='Dane źródłowe'!B50 -> 14 | C73: ='Dane źródłowe'!C50 -> 5 | D73: ='Dane źródłowe'!D50 -> 0 | E73: ='Dane źródłowe'!E50 -> 0 | F73: ='Dane źródłowe'!F50 -> 0 | G73: ='Dane źródłowe'!G50 -> 0 | H73: =G73 -> 0 | I73: =H73 -> 0 | J73: =I73 -> 0 | K73: =J73 -> 0 | L73: =K73 -> 0
A74: Zobowiązania długoterminowe razem | B74: =SUM(B67:B73) -> 1223256 | C74: =SUM(C67:C73) -> 1092804 | D74: =SUM(D67:D73) -> 1109149 | E74: =SUM(E67:E73) -> 893111 | F74: =SUM(F67:F73) -> 570511 | G74: =SUM(G67:G73) -> 434972 | H74: =SUM(H67:H73) -> 457589.44 | I74: =SUM(I67:I73) -> 477621.89 | ... L74: =SUM(L67:L73) -> 551132.42
A75: Zobowiązania handlowe i pozostałe | B75: ='Dane źródłowe'!B52 -> 1695163 | C75: ='Dane źródłowe'!C52 -> 2454051 | D75: ='Dane źródłowe'!D52 -> 2651049 | E75: ='Dane źródłowe'!E52 -> 3095968 | F75: ='Dane źródłowe'!F52 -> 4362006 | G75: ='Dane źródłowe'!G52 -> 5194539 | H75: =H6*($G$75/$G$6) -> 6169554 | I75: =I6*($G$75/$G$6) -> 7180126.9 | J75: =J6*($G$75/$G$6) -> 8264613.3 | K75: =K6*($G$75/$G$6) -> 9407774.6 | L75: =L6*($G$75/$G$6) -> 10589767
A76: Kredyty bankowe (krótkoterminowe) | B76: ='Dług i WACC'!B7 -> 216868 | C76: ='Dług i WACC'!C7 -> 196169 | D76: ='Dług i WACC'!D7 -> 410157 | E76: ='Dług i WACC'!E7 -> 278588 | F76: ='Dług i WACC'!F7 -> 361034 | G76: ='Dług i WACC'!G7 -> 159926 | H76: ='Dług i WACC'!H7 -> 152719.71 | I76: ='Dług i WACC'!I7 -> 149419.71 | ... L76: ='Dług i WACC'!L7 -> 139519.71
A77: Zobowiązania leasingowe (krótkoterminowe) | B77: ='Dług i WACC'!B9 -> 42249 | C77: ='Dług i WACC'!C9 -> 27721 | D77: ='Dług i WACC'!D9 -> 17893 | E77: ='Dług i WACC'!E9 -> 14565 | F77: ='Dług i WACC'!F9 -> 17900 | G77: ='Dług i WACC'!G9 -> 22812 | H77: ='Dług i WACC'!H9 -> 29540.622 | I77: ='Dług i WACC'!I9 -> 36472.154 | ... L77: ='Dług i WACC'!L9 -> 60918.307
A78: Obligacje (krótkoterminowe) | B78: ='Dług i WACC'!B11 -> 930 | C78: ='Dług i WACC'!C11 -> 171642 | D78: ='Dług i WACC'!D11 -> 260947 | E78: ='Dług i WACC'!E11 -> 4784 | F78: ='Dług i WACC'!F11 -> 204845 | G78: ='Dług i WACC'!G11 -> 171882 | H78: ='Dług i WACC'!H11 -> 470.5 | I78: ='Dług i WACC'!I11 -> 470.5 | ... L78: ='Dług i WACC'!L11 -> 470.5
A79: Świadczenia pracownicze (krótkoterminowe) | B79: ='Dane źródłowe'!B56 -> 1332 | C79: ='Dane źródłowe'!C56 -> 1944 | D79: ='Dane źródłowe'!D56 -> 229660 | E79: ='Dane źródłowe'!E56 -> 307273 | F79: ='Dane źródłowe'!F56 -> 382575 | G79: ='Dane źródłowe'!G56 -> 464694 | H79: =G79*(1+Założenia!B27+H7) -> 570504.82 | I79: =H79*(1+Założenia!C27+I7) -> 683921.18 | J79: =I79*(1+Założenia!D27+J7) -> 807738.27 | K79: =J79*(1+Założenia!E27+K7) -> 941677.43 | L79: =K79*(1+Założenia!F27+L7) -> 1083531.7
A80: Zobowiązania z tytułu podatku dochodowego | B80: ='Dane źródłowe'!B57 -> 80509 | C80: ='Dane źródłowe'!C57 -> 93017 | D80: ='Dane źródłowe'!D57 -> 120034 | E80: ='Dane źródłowe'!E57 -> 176736 | F80: ='Dane źródłowe'!F57 -> 50612 | G80: ='Dane źródłowe'!G57 -> 47605 | H80: =G80*(1+Założenia!B27) -> 49509.2 | I80: =H80*(1+Założenia!C27) -> 51242.022 | J80: =I80*(1+Założenia!D27) -> 52779.283 | K80: =J80*(1+Założenia!E27) -> 54230.713 | L80: =K80*(1+Założenia!F27) -> 55586.481
A81: Przychody przyszłych okresów (bieżące) | B81: ='Dane źródłowe'!B58 -> 43640 | C81: ='Dane źródłowe'!C58 -> 60993 | D81: ='Dane źródłowe'!D58 -> 387 | E81: ='Dane źródłowe'!E58 -> 1379 | F81: ='Dane źródłowe'!F58 -> 3877 | G81: ='Dane źródłowe'!G58 -> 3737 | H81: =G81*(1+Założenia!B27) -> 3886.48 | I81: =H81*(1+Założenia!C27) -> 4022.5068 | J81: =I81*(1+Założenia!D27) -> 4143.182 | K81: =J81*(1+Założenia!E27) -> 4257.1195 | L81: =K81*(1+Założenia!F27) -> 4363.5475
A82: Pozostałe zobowiązania bieżące / (aktywa), netto | B82: ='Dane źródłowe'!B59-SUM(B75:B81) -> 0 | C82: ='Dane źródłowe'!C59-SUM(C75:C81) -> 0 | D82: ='Dane źródłowe'!D59-SUM(D75:D81) -> 0 | E82: ='Dane źródłowe'!E59-SUM(E75:E81) -> 0 | F82: ='Dane źródłowe'!F59-SUM(F75:F81) -> 0 | G82: ='Dane źródłowe'!G59-SUM(G75:G81) -> 0 | H82: =H58-H65-H74-SUM(H75:H81) -> -695356.78 | I82: =I58-I65-I74-SUM(I75:I81) -> -695940.41 | J82: =J58-J65-J74-SUM(J75:J81) -> -696458.18 | K82: =K58-K65-K74-SUM(K75:K81) -> -696947.05 | L82: =L58-L65-L74-SUM(L75:L81) -> -697403.69
A83: Zobowiązania krótkoterminowe razem | B83: =SUM(B75:B82) -> 2080691 | C83: =SUM(C75:C82) -> 3005537 | D83: =SUM(D75:D82) -> 3690127 | E83: =SUM(E75:E82) -> 3879293 | F83: =SUM(F75:F82) -> 5382849 | G83: =SUM(G75:G82) -> 6065195 | H83: =SUM(H75:H82) -> 6280828.5 | I83: =SUM(I75:I82) -> 7409734.6 | ... L83: =SUM(L75:L82) -> 11236754
A84: Zobowiązania razem | B84: =SUM(B74,B83) -> 3303947 | C84: =SUM(C74,C83) -> 4098341 | D84: =SUM(D74,D83) -> 4799276 | E84: =SUM(E74,E83) -> 4772404 | F84: =SUM(F74,F83) -> 5953360 | G84: =SUM(G74,G83) -> 6500167 | H84: =SUM(H74,H83) -> 6738418 | I84: =SUM(I74,I83) -> 7887356.5 | ... L84: =SUM(L74,L83) -> 11787886
A85: Kapitał własny i zobowiązania razem | B85: =B65+B84 -> 5570510 | C85: =C65+C84 -> 7168531 | D85: =D65+D84 -> 9003059 | E85: =E65+E84 -> 10377715 | F85: =F65+F84 -> 13055794 | G85: =G65+G84 -> 15171280 | H85: =H65+H84 -> 16966968 | I85: =I65+I84 -> 19924285 | ... L85: =L65+L84 -> 30947050
A86: Kontrola bilansu | B86: =B58-B85 -> 0 | C86: =C58-C85 -> 0 | D86: =D58-D85 -> 0 | E86: =E58-E85 -> 0 | F86: =F58-F85 -> 0 | G86: =G58-G85 -> 0 | H86: =H58-H85 -> 0 | I86: =I58-I85 -> 0 | ... L86: =L58-L85 -> 0
A87: Kontrola przepływów pieniężnych | B87: =B44-B43-B42 -> 0 | C87: =C44-C43-C42 -> 0 | D87: =D44-D43-D42 -> 0 | E87: =E44-E43-E42 -> 0 | F87: =F44-F43-F42 -> 0 | G87: =G44-G43-G42 -> 0 | H87: =H44-H43-H42 -> 0 | I87: =I44-I43-I42 -> 0 | ... L87: =L44-L43-L42 -> 0
A88: Dług oprocentowany razem | B88: =SUM(B67,B68,B69,B76,B77,B78) -> 1473710 | C88: =SUM(C67,C68,C69,C76,C77,C78) -> 1475167 | D88: =SUM(D67,D68,D69,D76,D77,D78) -> 1784532 | E88: =SUM(E67,E68,E69,E76,E77,E78) -> 1173178 | F88: =SUM(F67,F68,F69,F76,F77,F78) -> 1086816 | G88: =SUM(G67,G68,G69,G76,G77,G78) -> 755332 | H88: =SUM(H67,H68,H69,H76,H77,H78) -> 605338.63 | I88: =SUM(I67,I68,I69,I76,I77,I78) -> 628345.92 | ... L88: =SUM(L67,L68,L69,L76,L77,L78) -> 714756.18
A89: Dług netto | B89: =B88-B56 -> 993292 | C89: =C88-C56 -> 1056552 | D89: =D88-D56 -> 1401814 | E89: =E88-E56 -> 954789 | F89: =F88-F56 -> 195794 | G89: =G88-G56 -> -199482 | H89: =H88-H56 -> 428014.3 | I89: =I88-I56 -> 258310.32 | ... L89: =L88-L56 -> -1372666.4
A90: Operacyjny kapitał obrotowy netto | B90: =SUM(B51:B54)-B75-B79-B81-B80 -> -785306 | C90: =SUM(C51:C54)-C75-C79-C81-C80 -> -1044763 | D90: =SUM(D51:D54)-D75-D79-D81-D80 -> -678384 | E90: =SUM(E51:E54)-E75-E79-E81-E80 -> -547956 | F90: =SUM(F51:F54)-F75-F79-F81-F80 -> -1252740 | G90: =SUM(G51:G54)-G75-G79-G81-G80 -> -1695364 | H90: =SUM(H51:H54)-H75-H79-H81-H80 -> -2042721.7 | I90: =SUM(I51:I54)-I75-I79-I81-I80 -> -2403145 | ... L90: =SUM(L51:L54)-L75-L79-L81-L80 -> -3637529

Sheet Dług i WACC
A1: Harmonogram długu i WACC
A2: Prognozowany WACC wykorzystuje jawnie określoną docelową strukturę kapitału. Kapitalizacja rynkowa jest pokazana wyłącznie referencyjnie i nie wpływa na wagi WACC.
A3: Miara | B3: 2020 | C3: 2021 | D3: 2022 | E3: 2023 | F3: 2024 | G3: 2025 | H3: 2026 | I3: 2027 | J3: 2028 | K3: 2029 | L3: 2030
A4: Okres | B4: 2020A | C4: 2021A | D4: 2022A | E4: 2023A | F4: 2024A | G4: 2025A | H4: 2026E | I4: 2027E | J4: 2028E | K4: 2029E | L4: 2030E
A5: Harmonogram długu
A6: Kredyty bankowe (długoterminowe) | B6: ='Dane źródłowe'!B43 -> 725851 | C6: ='Dane źródłowe'!C43 -> 583014 | D6: ='Dane źródłowe'!D43 -> 690862 | E6: ='Dane źródłowe'!E43 -> 469629 | F6: ='Dane źródłowe'!F43 -> 272219 | G6: ='Dane źródłowe'!G43 -> 312861 | H6: =(G6+G7+Założenia!B44)*(1-Założenia!B45) -> 310067.29 | I6: =(H6+H7+Założenia!C44)*(1-Założenia!C45) -> 303367.29 | J6: =(I6+I7+Założenia!D44)*(1-Założenia!D45) -> 296667.29 | K6: =(J6+J7+Założenia!E44)*(1-Założenia!E45) -> 289967.29 | L6: =(K6+K7+Założenia!F44)*(1-Założenia!F45) -> 283267.29
A7: Kredyty bankowe (krótkoterminowe) | B7: ='Dane źródłowe'!B53 -> 216868 | C7: ='Dane źródłowe'!C53 -> 196169 | D7: ='Dane źródłowe'!D53 -> 410157 | E7: ='Dane źródłowe'!E53 -> 278588 | F7: ='Dane źródłowe'!F53 -> 361034 | G7: ='Dane źródłowe'!G53 -> 159926 | H7: =(G6+G7+Założenia!B44)*Założenia!B45 -> 152719.71 | I7: =(H6+H7+Założenia!C44)*Założenia!C45 -> 149419.71 | J7: =(I6+I7+Założenia!D44)*Założenia!D45 -> 146119.71 | K7: =(J6+J7+Założenia!E44)*Założenia!E45 -> 142819.71 | L7: =(K6+K7+Założenia!F44)*Założenia!F45 -> 139519.71
A8: Zobowiązania leasingowe (długoterminowe) | B8: ='Dane źródłowe'!B44 -> 67876 | C8: ='Dane źródłowe'!C44 -> 46621 | D8: ='Dane źródłowe'!D44 -> 34673 | E8: ='Dane źródłowe'!E44 -> 35612 | F8: ='Dane źródłowe'!F44 -> 60818 | G8: ='Dane źródłowe'!G44 -> 87851 | H8: =(G8+G9+Założenia!B46)*(1-Założenia!B47) -> 111129.01 | I8: =(H8+H9+Założenia!C46)*(1-Założenia!C47) -> 137204.77 | J8: =(I8+I9+Założenia!D46)*(1-Założenia!D47) -> 165627.35 | K8: =(J8+J9+Założenia!E46)*(1-Założenia!E47) -> 196323.74 | L8: =(K8+K9+Założenia!F46)*(1-Założenia!F47) -> 229168.87
A9: Zobowiązania leasingowe (krótkoterminowe) | B9: ='Dane źródłowe'!B54 -> 42249 | C9: ='Dane źródłowe'!C54 -> 27721 | D9: ='Dane źródłowe'!D54 -> 17893 | E9: ='Dane źródłowe'!E54 -> 14565 | F9: ='Dane źródłowe'!F54 -> 17900 | G9: ='Dane źródłowe'!G54 -> 22812 | H9: =(G8+G9+Założenia!B46)*Założenia!B47 -> 29540.622 | I9: =(H8+H9+Założenia!C46)*Założenia!C47 -> 36472.154 | J9: =(I8+I9+Założenia!D46)*Założenia!D47 -> 44027.523 | K9: =(J8+J9+Założenia!E46)*Założenia!E47 -> 52187.322 | L9: =(K8+K9+Założenia!F46)*Założenia!F47 -> 60918.307
A10: Obligacje (długoterminowe) | B10: ='Dane źródłowe'!B45 -> 419936 | C10: ='Dane źródłowe'!C45 -> 450000 | D10: ='Dane źródłowe'!D45 -> 370000 | E10: ='Dane źródłowe'!E45 -> 370000 | F10: ='Dane źródłowe'!F45 -> 170000 | G10: ='Dane źródłowe'!G45 -> 0 | H10: =(G10+G11+Założenia!B48)*(1-Założenia!B49) -> 1411.5 | I10: =(H10+H11+Założenia!C48)*(1-Założenia!C49) -> 1411.5 | J10: =(I10+I11+Założenia!D48)*(1-Założenia!D49) -> 1411.5 | K10: =(J10+J11+Założenia!E48)*(1-Założenia!E49) -> 1411.5 | L10: =(K10+K11+Założenia!F48)*(1-Założenia!F49) -> 1411.5
A11: Obligacje (krótkoterminowe) | B11: ='Dane źródłowe'!B55 -> 930 | C11: ='Dane źródłowe'!C55 -> 171642 | D11: ='Dane źródłowe'!D55 -> 260947 | E11: ='Dane źródłowe'!E55 -> 4784 | F11: ='Dane źródłowe'!F55 -> 204845 | G11: ='Dane źródłowe'!G55 -> 171882 | H11: =(G10+G11+Założenia!B48)*Założenia!B49 -> 470.5 | I11: =(H10+H11+Założenia!C48)*Założenia!C49 -> 470.5 | J11: =(I10+I11+Założenia!D48)*Założenia!D49 -> 470.5 | K11: =(J10+J11+Założenia!E48)*Założenia!E49 -> 470.5 | L11: =(K10+K11+Założenia!F48)*Założenia!F49 -> 470.5
A12: Dług oprocentowany razem | B12: =SUM(B6:B11) -> 1473710 | C12: =SUM(C6:C11) -> 1475167 | D12: =SUM(D6:D11) -> 1784532 | E12: =SUM(E6:E11) -> 1173178 | F12: =SUM(F6:F11) -> 1086816 | G12: =SUM(G6:G11) -> 755332 | H12: =SUM(H6:H11) -> 605338.63 | I12: =SUM(I6:I11) -> 628345.92 | ... L12: =SUM(L6:L11) -> 714756.18
A13: Środki pieniężne i ich ekwiwalenty | B13: ='Model 3 sprawozdań'!B56 -> 480418 | C13: ='Model 3 sprawozdań'!C56 -> 418615 | D13: ='Model 3 sprawozdań'!D56 -> 382718 | E13: ='Model 3 sprawozdań'!E56 -> 218389 | F13: ='Model 3 sprawozdań'!F56 -> 891022 | G13: ='Model 3 sprawozdań'!G56 -> 954814 | H13: ='Model 3 sprawozdań'!H56 -> 177324.33 | I13: ='Model 3 sprawozdań'!I56 -> 370035.6 | ... L13: ='Model 3 sprawozdań'!L56 -> 2087422.5
A14: Dług netto | B14: =B12-B13 -> 993292 | C14: =C12-C13 -> 1056552 | D14: =D12-D13 -> 1401814 | E14: =E12-E13 -> 954789 | F14: =F12-F13 -> 195794 | G14: =G12-G13 -> -199482 | H14: =H12-H13 -> 428014.3 | I14: =I12-I13 -> 258310.32 | ... L14: =L12-L13 -> -1372666.4
A15: Średni dług razem | B15: =B12 -> 1473710 | C15: =AVERAGE(B12,C12) -> 1474438.5 | D15: =AVERAGE(C12,D12) -> 1629849.5 | E15: =AVERAGE(D12,E12) -> 1478855 | F15: =AVERAGE(E12,F12) -> 1129997 | G15: =AVERAGE(F12,G12) -> 921074 | H15: =AVERAGE(G12,H12) -> 680335.31 | I15: =AVERAGE(H12,I12) -> 616842.28 | J15: =AVERAGE(I12,J12) -> 641334.9 | ... L15: =AVERAGE(K12,L12) -> 698968.12
A16: Podział odsetek od zobowiązań
A17: Łączne koszty odsetkowe finansowe | B17: =-'Dane źródłowe'!B14 -> 52096 | C17: =-'Dane źródłowe'!C14 -> 46703 | D17: =-'Dane źródłowe'!D14 -> 141293 | E17: =-'Dane źródłowe'!E14 -> 147316 | F17: =-'Dane źródłowe'!F14 -> 121424 | G17: =-'Dane źródłowe'!G14 -> 122945 | H17: =H20+H18+H19 -> 104763.4 | I17: =I20+I18+I19 -> 111044.05 | J17: =J20+J18+J19 -> 123874.84 | K17: =K20+K18+K19 -> 137723.38 | L17: =L20+L18+L19 -> 152413.29
A18: Koszty odsetkowe - zobowiązania handlowe | B18: 18139 | C18: 20434 | D18: 15839 | E18: 19600 | F18: 29836 | G18: 54614 | H18: ='Model 3 sprawozdań'!G75*Założenia!B51 -> 57139.929 | I18: ='Model 3 sprawozdań'!H75*Założenia!C51 -> 67865.094 | J18: ='Model 3 sprawozdań'!I75*Założenia!D51 -> 78981.396 | K18: ='Model 3 sprawozdań'!J75*Założenia!E51 -> 90910.746 | L18: ='Model 3 sprawozdań'!K75*Założenia!F51 -> 103485.52
A19: Koszty odsetkowe - pozostałe | B19: =-SUM('Model 3 sprawozdań'!B23,'Model 3 sprawozdań'!B24) -> 3578 | C19: =-SUM('Model 3 sprawozdań'!C23,'Model 3 sprawozdań'!C24) -> 114 | D19: =-SUM('Model 3 sprawozdań'!D23,'Model 3 sprawozdań'!D24) -> 622 | E19: =-SUM('Model 3 sprawozdań'!E23,'Model 3 sprawozdań'!E24) -> 431 | F19: =-SUM('Model 3 sprawozdań'!F23,'Model 3 sprawozdań'!F24) -> 631 | G19: =-SUM('Model 3 sprawozdań'!G23,'Model 3 sprawozdań'!G24) -> 385 | H19: 0 | I19: 0 | J19: 0 | K19: 0 | L19: 0
A20: Koszty odsetkowe - dług / leasingi / obligacje | B20: =B17-B18-B19 -> 30379 | C20: =C17-C18-C19 -> 26155 | D20: =D17-D18-D19 -> 124832 | E20: =E17-E18-E19 -> 127285 | F20: =F17-F18-F19 -> 90957 | G20: =G17-G18-G19 -> 67946 | H20: =H15*Założenia!B50 -> 47623.472 | I20: =I15*Założenia!C50 -> 43178.959 | J20: =J15*Założenia!D50 -> 44893.443 | K20: =K15*Założenia!E50 -> 46812.638 | L20: =L15*Założenia!F50 -> 48927.768
A21: Koszt długu przed opodatkowaniem | B21: =B20/B15 -> 0.020613961 | C21: =C20/C15 -> 0.017738956 | D21: =D20/D15 -> 0.076591121 | E21: =E20/E15 -> 0.086069966 | F21: =F20/F15 -> 0.080493134 | G21: =G20/G15 -> 0.073768231 | H21: =H20/H15 -> 0.07 | I21: =I20/I15 -> 0.07 | ... L21: =L20/L15 -> 0.07
A22: Kalkulacja WACC
A23: Referencyjna cena rynkowa / akcję (PLN) | B23: =Założenia!B20 -> 200 | C23: =Założenia!C20 -> 300 | D23: =Założenia!D20 -> 330 | E23: =Założenia!E20 -> 420 | F23: =Założenia!F20 -> 400 | G23: =Założenia!G20 -> 41 | H23: =(H25-H14)/Założenia!$B$10 -> 39.459965 | I23: =(I25-I14)/Założenia!$B$10 -> 46.920036 | J23: =(J25-J14)/Założenia!$B$10 -> 55.249809 | K23: =(K25-K14)/Założenia!$B$10 -> 64.409094 | L23: =(L25-L14)/Założenia!$B$10 -> 73.215227
A24: Liczba akcji (tys.) | B24: =Założenia!B22 -> 98040 | C24: =Założenia!C22 -> 98040 | D24: =Założenia!D22 -> 98040 | E24: =Założenia!E22 -> 98040 | F24: =Założenia!F22 -> 98040 | G24: =Założenia!G22 -> 980400 | H24: =Założenia!B10 -> 980400 | I24: =Założenia!B10 -> 980400 | J24: =Założenia!B10 -> 980400 | K24: =Założenia!B10 -> 980400 | L24: =Założenia!B10 -> 980400
A25: Referencyjna kapitalizacja rynkowa | B25: =B23*B24 -> 19608000 | C25: =C23*C24 -> 29412000 | D25: =D23*D24 -> 32353200 | E25: =E23*E24 -> 41176800 | F25: =F23*F24 -> 39216000 | G25: =G23*G24 -> 40196400 | H25: =Założenia!$B$4*'Model 3 sprawozdań'!H15 -> 39114564 | I25: =Założenia!$B$4*'Model 3 sprawozdań'!I15 -> 46258713 | J25: =Założenia!$B$4*'Model 3 sprawozdań'!J15 -> 54087053 | K25: =Założenia!$B$4*'Model 3 sprawozdań'!K15 -> 62518619 | L25: =Założenia!$B$4*'Model 3 sprawozdań'!L15 -> 70407542
A26: Dług oprocentowany razem | B26: =B12 -> 1473710 | C26: =C12 -> 1475167 | D26: =D12 -> 1784532 | E26: =E12 -> 1173178 | F26: =F12 -> 1086816 | G26: =G12 -> 755332 | H26: =H12 -> 605338.63 | I26: =I12 -> 628345.92 | ... L26: =L12 -> 714756.18
A27: Środki pieniężne i ich ekwiwalenty | B27: =B13 -> 480418 | C27: =C13 -> 418615 | D27: =D13 -> 382718 | E27: =E13 -> 218389 | F27: =F13 -> 891022 | G27: =G13 -> 954814 | H27: =H13 -> 177324.33 | I27: =I13 -> 370035.6 | ... L27: =L13 -> 2087422.5
A28: Dług netto | B28: =B14 -> 993292 | C28: =C14 -> 1056552 | D28: =D14 -> 1401814 | E28: =E14 -> 954789 | F28: =F14 -> 195794 | G28: =G14 -> -199482 | H28: =H14 -> 428014.3 | I28: =I14 -> 258310.32 | ... L28: =L14 -> -1372666.4
A29: Wartość przedsiębiorstwa | B29: =B25+B28 -> 20601292 | C29: =C25+C28 -> 30468552 | D29: =D25+D28 -> 33755014 | E29: =E25+E28 -> 42131589 | F29: =F25+F28 -> 39411794 | G29: =G25+G28 -> 39996918 | H29: =H25+H28 -> 39542578 | I29: =I25+I28 -> 46517024 | ... L29: =L25+L28 -> 69034876
A30: Stawka podatkowa | B30: =-'Dane źródłowe'!B16/'Dane źródłowe'!B15 -> 0.18388213 | C30: =-'Dane źródłowe'!C16/'Dane źródłowe'!C15 -> 0.17692601 | D30: =-'Dane źródłowe'!D16/'Dane źródłowe'!D15 -> 0.1922999 | E30: =-'Dane źródłowe'!E16/'Dane źródłowe'!E15 -> 0.19186754 | F30: =-'Dane źródłowe'!F16/'Dane źródłowe'!F15 -> 0.16048168 | G30: =-'Dane źródłowe'!G16/'Dane źródłowe'!G15 -> 0.19093007 | H30: =Założenia!B15 -> 0.19 | I30: =Założenia!B15 -> 0.19 | J30: =Założenia!B15 -> 0.19 | K30: =Założenia!B15 -> 0.19 | L30: =Założenia!B15 -> 0.19
A31: Koszt długu po opodatkowaniu | B31: =B21*(1-B30) -> 0.016823422 | C31: =C21*(1-C30) -> 0.014600473 | D31: =D21*(1-D30) -> 0.061862656 | E31: =E21*(1-E30) -> 0.069555934 | F31: =F21*(1-F30) -> 0.067575461 | G31: =G21*(1-G30) -> 0.059683658 | H31: =H21*(1-H30) -> 0.0567 | I31: =I21*(1-I30) -> 0.0567 | ... L31: =L21*(1-L30) -> 0.0567
A32: Stopa wolna od ryzyka | B32: =Założenia!B21 -> 0.015 | C32: =Założenia!C21 -> 0.0194 | D32: =Założenia!D21 -> 0.0605 | E32: =Założenia!E21 -> 0.0581 | F32: =Założenia!F21 -> 0.0553 | G32: =Założenia!G21 -> 0.055 | H32: =Założenia!B5 -> 0.0588 | I32: =Założenia!B5 -> 0.0588 | J32: =Założenia!B5 -> 0.0588 | K32: =Założenia!B5 -> 0.0588 | L32: =Założenia!B5 -> 0.0588
A33: Beta | B33: =Założenia!B6 -> 0.51 | C33: =Założenia!B6 -> 0.51 | D33: =Założenia!B6 -> 0.51 | E33: =Założenia!B6 -> 0.51 | F33: =Założenia!B6 -> 0.51 | G33: =Założenia!B6 -> 0.51 | H33: =Założenia!B6 -> 0.51 | I33: =Założenia!B6 -> 0.51 | J33: =Założenia!B6 -> 0.51 | K33: =Założenia!B6 -> 0.51 | L33: =Założenia!B6 -> 0.51
A34: Premia za ryzyko kapitału własnego | B34: =Założenia!B7 -> 0.0533 | C34: =Założenia!B7 -> 0.0533 | D34: =Założenia!B7 -> 0.0533 | E34: =Założenia!B7 -> 0.0533 | F34: =Założenia!B7 -> 0.0533 | G34: =Założenia!B7 -> 0.0533 | H34: =Założenia!B7 -> 0.0533 | I34: =Założenia!B7 -> 0.0533 | J34: =Założenia!B7 -> 0.0533 | K34: =Założenia!B7 -> 0.0533 | L34: =Założenia!B7 -> 0.0533
A35: Koszt kapitału własnego | B35: =B32+B33*B34 -> 0.042183 | C35: =C32+C33*C34 -> 0.046583 | D35: =D32+D33*D34 -> 0.087683 | E35: =E32+E33*E34 -> 0.085283 | F35: =F32+F33*F34 -> 0.082483 | G35: =G32+G33*G34 -> 0.082183 | H35: =H32+H33*H34 -> 0.085983 | I35: =I32+I33*I34 -> 0.085983 | ... L35: =L32+L33*L34 -> 0.085983
A36: Docelowy udział kapitału własnego / faktyczny udział kapitału własnego | B36: ='Model 3 sprawozdań'!B65/('Model 3 sprawozdań'!B65+B12) -> 0.60598865 | C36: ='Model 3 sprawozdań'!C65/('Model 3 sprawozdań'!C65+C12) -> 0.6754563 | D36: ='Model 3 sprawozdań'!D65/('Model 3 sprawozdań'!D65+D12) -> 0.70199764 | E36: ='Model 3 sprawozdań'!E65/('Model 3 sprawozdań'!E65+E12) -> 0.82692633 | F36: ='Model 3 sprawozdań'!F65/('Model 3 sprawozdań'!F65+F12) -> 0.86728748 | G36: ='Model 3 sprawozdań'!G65/('Model 3 sprawozdań'!G65+G12) -> 0.91987096 | H36: =Założenia!B16 -> 0.95 | I36: =Założenia!B16 -> 0.95 | J36: =Założenia!B16 -> 0.95 | K36: =Założenia!B16 -> 0.95 | L36: =Założenia!B16 -> 0.95
A37: Docelowy udział długu / faktyczny udział długu | B37: =1-B36 -> 0.39401135 | C37: =1-C36 -> 0.3245437 | D37: =1-D36 -> 0.29800236 | E37: =1-E36 -> 0.17307367 | F37: =1-F36 -> 0.13271252 | G37: =1-G36 -> 0.080129041 | H37: =Założenia!B17 -> 0.05 | I37: =Założenia!B17 -> 0.05 | J37: =Założenia!B17 -> 0.05 | K37: =Założenia!B17 -> 0.05 | L37: =Założenia!B17 -> 0.05
A38: WACC | B38: =B35*B36+B31*B37 -> 0.032191038 | C38: =C35*C36+C31*C37 -> 0.036203272 | D38: =D35*D36+D31*D37 -> 0.079988477 | E38: =E35*E36+E31*E37 -> 0.082561059 | F38: =F35*F36+F31*F37 -> 0.080504583 | G38: =G35*G36+G31*G37 -> 0.080380149 | H38: =H35*H36+H31*H37 -> 0.08451885 | I38: =I35*I36+I31*I37 -> 0.08451885 | ... L38: =L35*L36+L31*L37 -> 0.08451885

Sheet Wycena DCF
A1: Wycena DCF | I1: Analiza wrażliwości — implikowana wartość / akcję (PLN)
A2: Nominalny nielewarowany DCF z dwoma scenariuszami nakładów inwestycyjnych. Scenariusz 1 zakłada dalszy wzrost nakładów inwestycyjnych; Scenariusz 2 zakłada, że nakłady inwestycyjne w roku rezydualnym są równe amortyzacji. | I2: Wiersze = wzrost rezydualny; kolumny = WACC. Formuły odwołują się do istniejącego DCF i nie zmieniają założeń modelu.
A3: Miara | B3: 2026E | C3: 2027E | D3: 2028E | E3: 2029E | F3: 2030E | G3: Rezydualny
A4: Kluczowe założenia wyceny | I4: Scenariusz 1: dalszy wzrost nakładów inwestycyjnych
A5: WACC | B5: ='Dług i WACC'!H38 -> 0.08451885 | I5: g \ WACC | J5: =$B$5-1% -> 0.07451885 | K5: =$B$5-0.5% -> 0.07951885 | L5: =$B$5 -> 0.08451885 | M5: =$B$5+0.5% -> 0.08951885 | N5: =$B$5+1% -> 0.09451885
A6: Stopa wzrostu rezydualnego | B6: =Założenia!B8 -> 0.03 | I6: =$B$6-1% -> 0.02 | J6: =IF(J$5>$I6,((SUMPRODUCT($B$14:$F$14,1/(1+J$5)^$B$16:$F$16)+($F$14*(1+$I6)/(J$5-$I6))/(1+J$5)^$F$16)-$B$23)/$B$25,NA()) -> 13.295932 | K6: =IF(K$5>$I6,((SUMPRODUCT($B$14:$F$14,1/(1+K$5)^$B$16:$F$16)+($F$14*(1+$I6)/(K$5-$I6))/(1+K$5)^$F$16)-$B$23)/$B$25,NA()) -> 12.080513 | L6: =IF(L$5>$I6,((SUMPRODUCT($B$14:$F$14,1/(1+L$5)^$B$16:$F$16)+($F$14*(1+$I6)/(L$5-$I6))/(1+L$5)^$F$16)-$B$23)/$B$25,NA()) -> 11.055445 | M6: =IF(M$5>$I6,((SUMPRODUCT($B$14:$F$14,1/(1+M$5)^$B$16:$F$16)+($F$14*(1+$I6)/(M$5-$I6))/(1+M$5)^$F$16)-$B$23)/$B$25,NA()) -> 10.179613 | N6: =IF(N$5>$I6,((SUMPRODUCT($B$14:$F$14,1/(1+N$5)^$B$16:$F$16)+($F$14*(1+$I6)/(N$5-$I6))/(1+N$5)^$F$16)-$B$23)/$B$25,NA()) -> 9.4229381
A7: Nielewarowane wolne przepływy pieniężne | I7: =$B$6-0.5% -> 0.025 | J7: =IF(J$5>$I7,((SUMPRODUCT($B$14:$F$14,1/(1+J$5)^$B$16:$F$16)+($F$14*(1+$I7)/(J$5-$I7))/(1+J$5)^$F$16)-$B$23)/$B$25,NA()) -> 14.495944 | K7: =IF(K$5>$I7,((SUMPRODUCT($B$14:$F$14,1/(1+K$5)^$B$16:$F$16)+($F$14*(1+$I7)/(K$5-$I7))/(1+K$5)^$F$16)-$B$23)/$B$25,NA()) -> 13.060537 | L7: =IF(L$5>$I7,((SUMPRODUCT($B$14:$F$14,1/(1+L$5)^$B$16:$F$16)+($F$14*(1+$I7)/(L$5-$I7))/(1+L$5)^$F$16)-$B$23)/$B$25,NA()) -> 11.868406 | M7: =IF(M$5>$I7,((SUMPRODUCT($B$14:$F$14,1/(1+M$5)^$B$16:$F$16)+($F$14*(1+$I7)/(M$5-$I7))/(1+M$5)^$F$16)-$B$23)/$B$25,NA()) -> 10.862944 | N7: =IF(N$5>$I7,((SUMPRODUCT($B$14:$F$14,1/(1+N$5)^$B$16:$F$16)+($F$14*(1+$I7)/(N$5-$I7))/(1+N$5)^$F$16)-$B$23)/$B$25,NA()) -> 10.003833
A8: EBIT | B8: ='Model 3 sprawozdań'!H18 -> 2008428.3 | C8: ='Model 3 sprawozdań'!I18 -> 2340063.8 | D8: ='Model 3 sprawozdań'!J18 -> 2696089.3 | E8: ='Model 3 sprawozdań'!K18 -> 3071447.6 | F8: ='Model 3 sprawozdań'!L18 -> 3391048.8 | I8: =$B$6 -> 0.03 | J8: =IF(J$5>$I8,((SUMPRODUCT($B$14:$F$14,1/(1+J$5)^$B$16:$F$16)+($F$14*(1+$I8)/(J$5-$I8))/(1+J$5)^$F$16)-$B$23)/$B$25,NA()) -> 15.965508 | K8: =IF(K$5>$I8,((SUMPRODUCT($B$14:$F$14,1/(1+K$5)^$B$16:$F$16)+($F$14*(1+$I8)/(K$5-$I8))/(1+K$5)^$F$16)-$B$23)/$B$25,NA()) -> 14.238471 | L8: =IF(L$5>$I8,((SUMPRODUCT($B$14:$F$14,1/(1+L$5)^$B$16:$F$16)+($F$14*(1+$I8)/(L$5-$I8))/(1+L$5)^$F$16)-$B$23)/$B$25,NA()) -> 12.830482 | M8: =IF(M$5>$I8,((SUMPRODUCT($B$14:$F$14,1/(1+M$5)^$B$16:$F$16)+($F$14*(1+$I8)/(M$5-$I8))/(1+M$5)^$F$16)-$B$23)/$B$25,NA()) -> 11.661084 | N8: =IF(N$5>$I8,((SUMPRODUCT($B$14:$F$14,1/(1+N$5)^$B$16:$F$16)+($F$14*(1+$I8)/(N$5-$I8))/(1+N$5)^$F$16)-$B$23)/$B$25,NA()) -> 10.674762
A9: Podatki gotówkowe od EBIT | B9: =-B8*Założenia!B15 -> -381601.38 | C9: =-C8*Założenia!B15 -> -444612.12 | D9: =-D8*Założenia!B15 -> -512256.97 | E9: =-E8*Założenia!B15 -> -583575.04 | F9: =-F8*Założenia!B15 -> -644299.28 | I9: =$B$6+0.5% -> 0.035 | J9: =IF(J$5>$I9,((SUMPRODUCT($B$14:$F$14,1/(1+J$5)^$B$16:$F$16)+($F$14*(1+$I9)/(J$5-$I9))/(1+J$5)^$F$16)-$B$23)/$B$25,NA()) -> 17.806935 | K9: =IF(K$5>$I9,((SUMPRODUCT($B$14:$F$14,1/(1+K$5)^$B$16:$F$16)+($F$14*(1+$I9)/(K$5-$I9))/(1+K$5)^$F$16)-$B$23)/$B$25,NA()) -> 15.680997 | L9: =IF(L$5>$I9,((SUMPRODUCT($B$14:$F$14,1/(1+L$5)^$B$16:$F$16)+($F$14*(1+$I9)/(L$5-$I9))/(1+L$5)^$F$16)-$B$23)/$B$25,NA()) -> 13.986843 | M9: =IF(M$5>$I9,((SUMPRODUCT($B$14:$F$14,1/(1+M$5)^$B$16:$F$16)+($F$14*(1+$I9)/(M$5-$I9))/(1+M$5)^$F$16)-$B$23)/$B$25,NA()) -> 12.60562 | N9: =IF(N$5>$I9,((SUMPRODUCT($B$14:$F$14,1/(1+N$5)^$B$16:$F$16)+($F$14*(1+$I9)/(N$5-$I9))/(1+N$5)^$F$16)-$B$23)/$B$25,NA()) -> 11.458417
A10: NOPAT | B10: =B8+B9 -> 1626826.9 | C10: =C8+C9 -> 1895451.7 | D10: =D8+D9 -> 2183832.4 | E10: =E8+E9 -> 2487872.5 | F10: =F8+F9 -> 2746749.5 | I10: =$B$6+1% -> 0.04 | J10: =IF(J$5>$I10,((SUMPRODUCT($B$14:$F$14,1/(1+J$5)^$B$16:$F$16)+($F$14*(1+$I10)/(J$5-$I10))/(1+J$5)^$F$16)-$B$23)/$B$25,NA()) -> 20.181819 | K10: =IF(K$5>$I10,((SUMPRODUCT($B$14:$F$14,1/(1+K$5)^$B$16:$F$16)+($F$14*(1+$I10)/(K$5-$I10))/(1+K$5)^$F$16)-$B$23)/$B$25,NA()) -> 17.488545 | L10: =IF(L$5>$I10,((SUMPRODUCT($B$14:$F$14,1/(1+L$5)^$B$16:$F$16)+($F$14*(1+$I10)/(L$5-$I10))/(1+L$5)^$F$16)-$B$23)/$B$25,NA()) -> 15.40295 | M10: =IF(M$5>$I10,((SUMPRODUCT($B$14:$F$14,1/(1+M$5)^$B$16:$F$16)+($F$14*(1+$I10)/(M$5-$I10))/(1+M$5)^$F$16)-$B$23)/$B$25,NA()) -> 13.7409 | N10: =IF(N$5>$I10,((SUMPRODUCT($B$14:$F$14,1/(1+N$5)^$B$16:$F$16)+($F$14*(1+$I10)/(N$5-$I10))/(1+N$5)^$F$16)-$B$23)/$B$25,NA()) -> 12.385812
A11: Korekta o amortyzację | B11: ='Model 3 sprawozdań'!H32 -> 599209.29 | C11: ='Model 3 sprawozdań'!I32 -> 743850.42 | D11: ='Model 3 sprawozdań'!J32 -> 909714.19 | E11: ='Model 3 sprawozdań'!K32 -> 1096460.3 | F11: ='Model 3 sprawozdań'!L32 -> 1302787.3
A12: Nakłady inwestycyjne | B12: ='Model 3 sprawozdań'!H35 -> -2436784.4 | C12: ='Model 3 sprawozdań'!I35 -> -2742948.4 | D12: ='Model 3 sprawozdań'!J35 -> -3050218.2 | E12: ='Model 3 sprawozdań'!K35 -> -3350295.4 | F12: ='Model 3 sprawozdań'!L35 -> -3634091 | I12: Scenariusz 2: nakłady inwestycyjne w roku rezydualnym = amortyzacja
A13: Mniej: zmiana operacyjnego kapitału obrotowego netto | B13: ='Model 3 sprawozdań'!H90-'Model 3 sprawozdań'!G90 -> -347357.71 | C13: ='Model 3 sprawozdań'!I90-'Model 3 sprawozdań'!H90 -> -360423.34 | D13: ='Model 3 sprawozdań'!J90-'Model 3 sprawozdań'!I90 -> -389186.26 | E13: ='Model 3 sprawozdań'!K90-'Model 3 sprawozdań'!J90 -> -413821.09 | F13: ='Model 3 sprawozdań'!L90-'Model 3 sprawozdań'!K90 -> -431376.56 | I13: g \ WACC | J13: =$B$5-1% -> 0.07451885 | K13: =$B$5-0.5% -> 0.07951885 | L13: =$B$5 -> 0.08451885 | M13: =$B$5+0.5% -> 0.08951885 | N13: =$B$5+1% -> 0.09451885
A14: Nielewarowane wolne przepływy pieniężne | B14: =SUM(B10:B12)-B13 -> 136609.49 | C14: =SUM(C10:C12)-C13 -> 256777.01 | D14: =SUM(D10:D12)-D13 -> 432514.65 | E14: =SUM(E10:E12)-E13 -> 647858.54 | F14: =SUM(F10:F12)-F13 -> 846822.43 | I14: =$B$6-1% -> 0.02 | J14: =IF(J$13>$I14,((SUMPRODUCT($B$14:$F$14,1/(1+J$13)^$B$16:$F$16)+($B$34*(1+$I14)/(J$13-$I14))/(1+J$13)^$F$16)-$B$23)/$B$25,NA()) -> 44.354314 | K14: =IF(K$13>$I14,((SUMPRODUCT($B$14:$F$14,1/(1+K$13)^$B$16:$F$16)+($B$34*(1+$I14)/(K$13-$I14))/(1+K$13)^$F$16)-$B$23)/$B$25,NA()) -> 39.877007 | L14: =IF(L$13>$I14,((SUMPRODUCT($B$14:$F$14,1/(1+L$13)^$B$16:$F$16)+($B$34*(1+$I14)/(L$13-$I14))/(1+L$13)^$F$16)-$B$23)/$B$25,NA()) -> 36.112128 | M14: =IF(M$13>$I14,((SUMPRODUCT($B$14:$F$14,1/(1+M$13)^$B$16:$F$16)+($B$34*(1+$I14)/(M$13-$I14))/(1+M$13)^$F$16)-$B$23)/$B$25,NA()) -> 32.905425 | N14: =IF(N$13>$I14,((SUMPRODUCT($B$14:$F$14,1/(1+N$13)^$B$16:$F$16)+($B$34*(1+$I14)/(N$13-$I14))/(1+N$13)^$F$16)-$B$23)/$B$25,NA()) -> 30.144064
A15: Dyskontowanie | I15: =$B$6-0.5% -> 0.025 | J15: =IF(J$13>$I15,((SUMPRODUCT($B$14:$F$14,1/(1+J$13)^$B$16:$F$16)+($B$34*(1+$I15)/(J$13-$I15))/(1+J$13)^$F$16)-$B$23)/$B$25,NA()) -> 48.857962 | K15: =IF(K$13>$I15,((SUMPRODUCT($B$14:$F$14,1/(1+K$13)^$B$16:$F$16)+($B$34*(1+$I15)/(K$13-$I15))/(1+K$13)^$F$16)-$B$23)/$B$25,NA()) -> 43.555041 | L15: =IF(L$13>$I15,((SUMPRODUCT($B$14:$F$14,1/(1+L$13)^$B$16:$F$16)+($B$34*(1+$I15)/(L$13-$I15))/(1+L$13)^$F$16)-$B$23)/$B$25,NA()) -> 39.16317 | M15: =IF(M$13>$I15,((SUMPRODUCT($B$14:$F$14,1/(1+M$13)^$B$16:$F$16)+($B$34*(1+$I15)/(M$13-$I15))/(1+M$13)^$F$16)-$B$23)/$B$25,NA()) -> 35.469966 | N15: =IF(N$13>$I15,((SUMPRODUCT($B$14:$F$14,1/(1+N$13)^$B$16:$F$16)+($B$34*(1+$I15)/(N$13-$I15))/(1+N$13)^$F$16)-$B$23)/$B$25,NA()) -> 32.324162
A16: Okres dyskontowania | B16: =1 -> 1 | C16: =2 -> 2 | D16: =3 -> 3 | E16: =4 -> 4 | F16: =5 -> 5 | I16: =$B$6 -> 0.03 | J16: =IF(J$13>$I16,((SUMPRODUCT($B$14:$F$14,1/(1+J$13)^$B$16:$F$16)+($B$34*(1+$I16)/(J$13-$I16))/(1+J$13)^$F$16)-$B$23)/$B$25,NA()) -> 54.373237 | K16: =IF(K$13>$I16,((SUMPRODUCT($B$14:$F$14,1/(1+K$13)^$B$16:$F$16)+($B$34*(1+$I16)/(K$13-$I16))/(1+K$13)^$F$16)-$B$23)/$B$25,NA()) -> 47.975829 | L16: =IF(L$13>$I16,((SUMPRODUCT($B$14:$F$14,1/(1+L$13)^$B$16:$F$16)+($B$34*(1+$I16)/(L$13-$I16))/(1+L$13)^$F$16)-$B$23)/$B$25,NA()) -> 42.773844 | M16: =IF(M$13>$I16,((SUMPRODUCT($B$14:$F$14,1/(1+M$13)^$B$16:$F$16)+($B$34*(1+$I16)/(M$13-$I16))/(1+M$13)^$F$16)-$B$23)/$B$25,NA()) -> 38.465385 | N16: =IF(N$13>$I16,((SUMPRODUCT($B$14:$F$14,1/(1+N$13)^$B$16:$F$16)+($B$34*(1+$I16)/(N$13-$I16))/(1+N$13)^$F$16)-$B$23)/$B$25,NA()) -> 34.842162
A17: Współczynnik dyskontowy | B17: =1/(1+$B$5)^B16 -> 0.92206788 | C17: =1/(1+$B$5)^C16 -> 0.85020918 | D17: =1/(1+$B$5)^D16 -> 0.78395058 | E17: =1/(1+$B$5)^E16 -> 0.72285565 | F17: =1/(1+$B$5)^F16 -> 0.66652198 | I17: =$B$6+0.5% -> 0.035 | J17: =IF(J$13>$I17,((SUMPRODUCT($B$14:$F$14,1/(1+J$13)^$B$16:$F$16)+($B$34*(1+$I17)/(J$13-$I17))/(1+J$13)^$F$16)-$B$23)/$B$25,NA()) -> 61.284119 | K17: =IF(K$13>$I17,((SUMPRODUCT($B$14:$F$14,1/(1+K$13)^$B$16:$F$16)+($B$34*(1+$I17)/(K$13-$I17))/(1+K$13)^$F$16)-$B$23)/$B$25,NA()) -> 53.389631 | L17: =IF(L$13>$I17,((SUMPRODUCT($B$14:$F$14,1/(1+L$13)^$B$16:$F$16)+($B$34*(1+$I17)/(L$13-$I17))/(1+L$13)^$F$16)-$B$23)/$B$25,NA()) -> 47.113668 | M17: =IF(M$13>$I17,((SUMPRODUCT($B$14:$F$14,1/(1+M$13)^$B$16:$F$16)+($B$34*(1+$I17)/(M$13-$I17))/(1+M$13)^$F$16)-$B$23)/$B$25,NA()) -> 42.010233 | N17: =IF(N$13>$I17,((SUMPRODUCT($B$14:$F$14,1/(1+N$13)^$B$16:$F$16)+($B$34*(1+$I17)/(N$13-$I17))/(1+N$13)^$F$16)-$B$23)/$B$25,NA()) -> 37.783221
A18: Wartość bieżąca nielewarowanych FCF | B18: =B14*B17 -> 125963.22 | C18: =C14*C17 -> 218314.17 | D18: =D14*D17 -> 339070.11 | E18: =E14*E17 -> 468308.21 | F18: =F14*F17 -> 564425.76 | I18: =$B$6+1% -> 0.04 | J18: =IF(J$13>$I18,((SUMPRODUCT($B$14:$F$14,1/(1+J$13)^$B$16:$F$16)+($B$34*(1+$I18)/(J$13-$I18))/(1+J$13)^$F$16)-$B$23)/$B$25,NA()) -> 70.19706 | K18: =IF(K$13>$I18,((SUMPRODUCT($B$14:$F$14,1/(1+K$13)^$B$16:$F$16)+($B$34*(1+$I18)/(K$13-$I18))/(1+K$13)^$F$16)-$B$23)/$B$25,NA()) -> 60.173363 | L18: =IF(L$13>$I18,((SUMPRODUCT($B$14:$F$14,1/(1+L$13)^$B$16:$F$16)+($B$34*(1+$I18)/(L$13-$I18))/(1+L$13)^$F$16)-$B$23)/$B$25,NA()) -> 52.428321 | M18: =IF(M$13>$I18,((SUMPRODUCT($B$14:$F$14,1/(1+M$13)^$B$16:$F$16)+($B$34*(1+$I18)/(M$13-$I18))/(1+M$13)^$F$16)-$B$23)/$B$25,NA()) -> 46.27094 | N18: =IF(N$13>$I18,((SUMPRODUCT($B$14:$F$14,1/(1+N$13)^$B$16:$F$16)+($B$34*(1+$I18)/(N$13-$I18))/(1+N$13)^$F$16)-$B$23)/$B$25,NA()) -> 41.263737
A19: Wartość rezydualna | G19: =F14*(1+$B$6)/($B$5-$B$6) -> 15998634
A20: Wartość bieżąca wartości rezydualnej | G20: =G19*F17 -> 10663441
A21: Podsumowanie wyceny — Scenariusz 1: dalszy wzrost nakładów inwestycyjnych
A22: Wartość przedsiębiorstwa | B22: =SUM(B18:F18)+G20 -> 12379522
A23: Mniej: dług netto / (gotówka netto) | B23: ='Model 3 sprawozdań'!G89 -> -199482
A24: Wartość kapitału własnego | B24: =B22-B23 -> 12579004
A25: Liczba akcji (tys.) | B25: =Założenia!B10 -> 980400
A26: Implikowana wartość / akcję (PLN) | B26: =B24/B25 -> 12.830482
A27: Bieżąca cena akcji (PLN) | B27: =Założenia!B9 -> 41
A28: Premia / (dyskonto) | B28: =B26/B27-1 -> -0.68706142
A29: Podsumowanie wyceny — Scenariusz 2: nakłady inwestycyjne w roku rezydualnym = amortyzacja
A30: NOPAT w roku rezydualnym | B30: =F10 -> 2746749.5
A31: Amortyzacja w roku rezydualnym | B31: =F11 -> 1302787.3
A32: Założenie nakładów inwestycyjnych w roku rezydualnym | B32: =-B31 -> -1302787.3
A33: Zmiana kapitału obrotowego netto w roku rezydualnym | B33: =F13 -> -431376.56
A34: UFCF w roku rezydualnym | B34: =SUM(B30:B32)-B33 -> 3178126.1
A35: Wartość rezydualna | B35: =B34*(1+$B$6)/($B$5-$B$6) -> 60042900
A36: Wartość bieżąca wartości rezydualnej | B36: =B35*F17 -> 40019913
A37: Wartość przedsiębiorstwa | B37: =SUM(B18:F18)+B36 -> 41735994
A38: Implikowana wartość / akcję (PLN) | B38: =(B37-B23)/B25 -> 42.773844
A39: Premia / (dyskonto) | B39: =B38/B27-1 -> 0.04326448

Sheet Kontrole
A1: Kontrole modelu
A2: Wszystkie kontrole powinny wynosić zero
A3: Miara | B3: 2020 | C3: 2021 | D3: 2022 | E3: 2023 | F3: 2024 | G3: 2025 | H3: 2026 | I3: 2027 | J3: 2028 | K3: 2029 | L3: 2030
A4: Kontrola bilansu | B4: ='Model 3 sprawozdań'!B86 -> 0 | C4: ='Model 3 sprawozdań'!C86 -> 0 | D4: ='Model 3 sprawozdań'!D86 -> 0 | E4: ='Model 3 sprawozdań'!E86 -> 0 | F4: ='Model 3 sprawozdań'!F86 -> 0 | G4: ='Model 3 sprawozdań'!G86 -> 0 | H4: ='Model 3 sprawozdań'!H86 -> 0 | I4: ='Model 3 sprawozdań'!I86 -> 0 | ... L4: ='Model 3 sprawozdań'!L86 -> 0
A5: Kontrola przepływów pieniężnych | B5: ='Model 3 sprawozdań'!B87 -> 0 | C5: ='Model 3 sprawozdań'!C87 -> 0 | D5: ='Model 3 sprawozdań'!D87 -> 0 | E5: ='Model 3 sprawozdań'!E87 -> 0 | F5: ='Model 3 sprawozdań'!F87 -> 0 | G5: ='Model 3 sprawozdań'!G87 -> 0 | H5: ='Model 3 sprawozdań'!H87 -> 0 | I5: ='Model 3 sprawozdań'!I87 -> 0 | ... L5: ='Model 3 sprawozdań'!L87 -> 0
A6: Powiązanie harmonogramu długu z modelem trzech sprawozdań | B6: ='Dług i WACC'!B12-'Model 3 sprawozdań'!B88 -> 0 | C6: ='Dług i WACC'!C12-'Model 3 sprawozdań'!C88 -> 0 | D6: ='Dług i WACC'!D12-'Model 3 sprawozdań'!D88 -> 0 | E6: ='Dług i WACC'!E12-'Model 3 sprawozdań'!E88 -> 0 | F6: ='Dług i WACC'!F12-'Model 3 sprawozdań'!F88 -> 0 | G6: ='Dług i WACC'!G12-'Model 3 sprawozdań'!G88 -> 0 | H6: ='Dług i WACC'!H12-'Model 3 sprawozdań'!H88 -> 0 | I6: ='Dług i WACC'!I12-'Model 3 sprawozdań'!I88 -> 0 | ... L6: ='Dług i WACC'!L12-'Model 3 sprawozdań'!L88 -> 0
A7: Powiązanie gotówki z długiem/WACC | B7: ='Dług i WACC'!B13-'Model 3 sprawozdań'!B56 -> 0 | C7: ='Dług i WACC'!C13-'Model 3 sprawozdań'!C56 -> 0 | D7: ='Dług i WACC'!D13-'Model 3 sprawozdań'!D56 -> 0 | E7: ='Dług i WACC'!E13-'Model 3 sprawozdań'!E56 -> 0 | F7: ='Dług i WACC'!F13-'Model 3 sprawozdań'!F56 -> 0 | G7: ='Dług i WACC'!G13-'Model 3 sprawozdań'!G56 -> 0 | H7: ='Dług i WACC'!H13-'Model 3 sprawozdań'!H56 -> 0 | I7: ='Dług i WACC'!I13-'Model 3 sprawozdań'!I56 -> 0 | ... L7: ='Dług i WACC'!L13-'Model 3 sprawozdań'!L56 -> 0
A8: Kontrola źródła WACC dla DCF | H8: ='Wycena DCF'!B5-'Dług i WACC'!H38 -> 0
A9: Kontrola wzrostu nakładów inwestycyjnych | H9: =IF(ABS('Model 3 sprawozdań'!H35)>ABS('Model 3 sprawozdań'!G35),0,1) -> 0 | I9: =IF(ABS('Model 3 sprawozdań'!I35)>ABS('Model 3 sprawozdań'!H35),0,1) -> 0 | J9: =IF(ABS('Model 3 sprawozdań'!J35)>ABS('Model 3 sprawozdań'!I35),0,1) -> 0 | K9: =IF(ABS('Model 3 sprawozdań'!K35)>ABS('Model 3 sprawozdań'!J35),0,1) -> 0 | L9: =IF(ABS('Model 3 sprawozdań'!L35)>ABS('Model 3 sprawozdań'!K35),0,1) -> 0
A10: Kontrola scenariusza 2: nakłady inwestycyjne rezydualne = amortyzacja | H10: ='Wycena DCF'!B32+'Wycena DCF'!B31 -> 0
